Date,Open,High,Low,Close,Volume,close_time,volumes,orders,buy,buy,other
2019-07-25,9763.4,10175.0,9720.03,9879.87,37873.354728,1564099199999,378938450.08176742,368176,19308.01142600,193241603.01232005,0
2019-07-26,9882.15,9889.98,9637.0,9824.0,27167.463217,1564185599999,265108103.13392133,299935,14006.62943400,136688126.95394775,0
2019-07-27,9824.0,10188.66,9333.0,9476.52,43809.778301,1564271999999,424932724.96873150,401418,21428.05231800,208090741.11042415,0
2019-07-28,9478.92,9594.99,9165.0,9541.54,29401.022937,1564358399999,278537286.13481345,271327,17116.43313200,162267204.15845968,0
2019-07-29,9541.54,9729.0,9395.0,9507.64,29021.937411,1564444799999,277497756.76841674,294468,16075.16697100,153791418.10329246,0
2019-07-30,9509.07,9714.28,9402.0,9574.21,32536.368834,1564531199999,310867928.28793913,283961,17211.00965300,164621319.04418956,0
2019-07-31,9575.0,10109.8,9555.0,10080.53,39515.35456,1564617599999,389690761.44466112,364212,21235.60960400,209506872.50921800,0
2019-08-01,10080.53,10467.86,9863.46,10374.99,41727.637028,1564703999999,422156523.66900791,378062,22244.91946700,225207082.39426738,0
2019-08-02,10375.0,10670.0,10281.35,10523.75,42990.444221,1564790399999,450323284.15075973,431322,22206.13509300,232638457.60696326,0
2019-08-03,10523.75,10904.77,10497.93,10816.86,33802.318824,1564876799999,363852799.87178007,348893,18132.52970700,195125820.47946514,0
2019-08-04,10816.86,11040.0,10552.0,10929.23,39924.745141,1564963199999,431793873.42329756,353721,22066.36825700,238959952.23516081,0
2019-08-05,10929.99,11937.52,10927.8,11828.8,65153.673713,1565049599999,757976547.21704611,622610,33530.07066000,389969213.39891764,0
2019-08-06,11830.0,12330.7,11226.7,11481.69,76705.389875,1565135999999,904119081.61571263,625827,37522.11697200,442937542.04071641,0
2019-08-07,11481.69,12141.17,11382.84,11975.03,69173.390353,1565222399999,814597979.05050404,592916,36357.22591800,428496665.57006503,0
2019-08-08,11975.04,12060.0,11521.0,11999.77,51207.257174,1565308799999,604389131.06283610,473584,27463.20076300,324785966.12659640,0
2019-08-09,11994.17,12045.68,11700.0,11879.99,39427.152588,1565395199999,467011047.94142844,410902,20074.42191100,238009297.57960402,0
2019-08-10,11879.98,11985.0,11270.0,11309.31,42633.087048,1565481599999,492217964.49055574,399237,17111.12507600,197997879.10911432,0
2019-08-11,11309.24,11600.0,11112.11,11549.97,26772.90691,1565567999999,304862403.35144906,306234,15007.43820000,171032610.99181714,0
2019-08-12,11539.08,11577.89,11235.32,11396.08,17568.227075,1565654399999,200325471.60414099,255966,9200.43087900,104948602.15277771,0
2019-08-13,11398.35,11456.16,10788.45,10892.71,33234.72968,1565740799999,368994475.54611235,337834,13483.55870000,149693332.12683108,0
2019-08-14,10893.36,10897.48,9928.1,10050.37,54451.847499,1565827199999,567724729.10590593,534507,26080.63138100,271971667.55098168,0
2019-08-15,10055.16,10460.0,9911.0,10293.93,38174.45112,1565913599999,387705855.08791121,373368,19588.08291800,199059445.60425642,0
2019-08-16,10296.77,10536.03,9750.0,10331.54,51758.142918,1565999999999,527258446.39777652,504740,25818.03153700,263301246.89849174,0
2019-08-17,10331.15,10465.14,10000.0,10216.02,29000.581201,1566086399999,297776329.03058246,332795,14672.94974000,150792759.34523310,0
2019-08-18,10216.05,10500.0,10080.0,10306.78,24085.395172,1566172799999,248508872.45998642,265705,12961.47855700,133774771.71696787,0
2019-08-19,10306.17,10930.0,10258.6,10915.54,37243.319217,1566259199999,396233441.02745958,337022,20591.43657200,219085855.34458049,0
2019-08-20,10914.73,10949.96,10560.0,10760.51,32298.921679,1566345599999,346664453.13672654,305065,16017.54472900,172082522.17892725,0
2019-08-21,10760.51,10804.13,9858.0,10142.57,47355.719282,1566431999999,482889274.51791698,458814,21565.83056100,219533134.86528105,0
2019-08-22,10140.82,10242.0,9762.0,10099.88,34059.642738,1566518399999,341371442.90683880,401148,17921.95430000,179746967.23521429,0
2019-08-23,10099.9,10445.0,10019.79,10389.55,27550.336173,1566604799999,282732431.75207238,326866,14798.81633800,151926638.08027624,0
2019-08-24,10388.16,10419.42,9890.0,10134.35,27692.456844,1566691199999,279962133.62570987,313227,13623.56484100,137726211.36364345,0
2019-08-25,10134.61,10333.0,9906.97,10142.69,26271.657398,1566777599999,265132761.31704284,289956,12885.71773500,130202473.09027293,0
2019-08-26,10142.69,10604.0,10137.93,10372.25,41687.511599,1566863999999,432249835.49069725,405316,22666.59545200,235202578.43601217,0
2019-08-27,10373.6,10391.08,10051.08,10185.05,28402.775383,1566950399999,289340681.07895178,292888,13852.44213800,141207845.02919283,0
2019-08-28,10185.69,10299.0,9601.01,9721.0,42110.555375,1567036799999,420034883.00315258,381293,19430.82257300,194055407.18003406,0
2019-08-29,9721.0,9724.0,9320.0,9498.44,35532.69491,1567123199999,337838761.55728653,343887,17536.26844800,166811264.08255094,0
2019-08-30,9499.01,9696.0,9350.41,9584.54,26834.318104,1567209599999,255854874.45077452,259270,14227.87285100,135696420.41983487,0
2019-08-31,9582.76,9684.51,9420.75,9587.47,17130.290074,1567295999999,164116756.46299691,199188,8558.14821400,82010834.33875087,0
2019-09-01,9588.74,9830.0,9520.0,9724.98,19545.404843,1567382399999,188513289.12235729,191324,11545.61059800,111464034.38112413,0
2019-09-02,9723.59,10450.0,9712.5,10340.0,44740.248093,1567468799999,448462178.63038095,354155,25140.29612500,251933840.30794755,0
2019-09-03,10340.0,10773.0,10272.0,10615.28,47998.376781,1567555199999,505617667.39926684,416076,24734.30326400,260488377.88812712,0
2019-09-04,10611.85,10799.0,10369.89,10567.02,43943.889026,1567641599999,463526509.32593700,383457,22244.06765600,234731325.60204142,0
2019-09-05,10565.92,10900.0,10450.0,10564.49,33970.960639,1567727999999,358861340.78979007,309846,16535.14780700,174901090.47337497,0
2019-09-06,10563.13,10905.87,10150.0,10298.73,58799.640959,1567814399999,623662984.38433060,455334,29952.94442700,318275724.07277407,0
2019-09-07,10298.71,10558.0,10288.57,10455.88,27637.877392,1567900799999,287851131.18025769,272011,14673.48921600,152825898.95080234,0
2019-09-08,10455.9,10592.5,10208.0,10381.18,23984.672018,1567987199999,249900964.37153130,237752,10588.59245800,110370036.72549054,0
2019-09-09,10381.24,10480.0,10068.5,10303.12,39835.727608,1568073599999,409724831.94712268,330459,18729.47268400,192814736.82347485,0
2019-09-10,10302.58,10384.99,9953.0,10098.15,28915.412225,1568159999999,294323839.50700761,286763,13432.25682200,136876441.42321573,0
2019-09-11,10098.19,10293.0,9880.0,10158.33,31953.824562,1568246399999,321637085.47650871,309120,16583.81309700,167086058.18780477,0
2019-09-12,10158.75,10448.81,10040.0,10415.01,34511.162755,1568332799999,353390090.96777732,317881,18550.85320200,190066356.88701728,0
2019-09-13,10415.01,10439.0,10153.0,10342.06,30280.339776,1568419199999,311632094.25618850,304947,16763.85466300,172561765.65306618,0
2019-09-14,10344.13,10419.99,10222.33,10335.02,23621.533519,1568505599999,244063007.09022474,253929,13495.98669100,139491411.26572924,0
2019-09-15,10332.81,10360.0,10252.15,10302.01,18047.654013,1568591999999,185853330.43704256,194733,8221.80305500,84690636.88555922,0
2019-09-16,10303.34,10355.0,10078.0,10251.31,28971.401657,1568678399999,296325130.17090132,274368,13385.30225300,137008707.88664533,0
2019-09-17,10249.68,10275.0,10128.01,10187.82,22914.324563,1568764799999,233944812.56050799,287483,11195.43067300,114314296.20572508,0
2019-09-18,10187.48,10258.02,10100.0,10156.99,24250.249303,1568851199999,247024351.59799171,299466,11753.10911100,119777298.85924058,0
2019-09-19,10156.41,10325.0,9653.0,10244.29,44826.282579,1568937599999,447676492.98402635,429727,22623.28776300,226404409.68236710,0
2019-09-20,10243.7,10281.0,10061.39,10168.59,25088.491069,1569023999999,255205290.21183727,267032,12054.38488800,122687240.60518866,0
2019-09-21,10167.92,10176.7,9900.0,9986.39,20544.175196,1569110399999,206034034.50803514,245439,9285.85147900,93152981.29234466,0
2019-09-22,9985.15,10089.0,9853.97,10028.87,22049.275256,1569196799999,220133631.61284170,253713,11200.61192100,111864717.13240463,0
2019-09-23,10028.05,10049.99,9615.77,9702.25,31937.232356,1569283199999,314390584.62646132,332817,14940.11249600,147108768.54457945,0
2019-09-24,9702.2,9794.99,7800.0,8493.14,94007.345203,1569369599999,838996309.16112820,748712,42986.25312700,383608082.56863165,0
2019-09-25,8497.55,8730.0,8215.64,8430.05,60783.892258,1569455999999,512437200.36110440,544806,30489.47199400,257118054.54903361,0
2019-09-26,8430.05,8465.99,7750.0,8063.73,67930.853749,1569542399999,552794530.86668199,522062,33363.51365000,271728779.69954551,0
2019-09-27,8063.49,8265.0,7852.15,8177.91,43882.924625,1569628799999,352800745.20792857,369518,23224.86113500,186790633.03646185,0
2019-09-28,8177.47,8315.0,8001.09,8198.81,34473.605165,1569715199999,280672404.68049548,319113,18215.03986300,148326185.32000544,0
2019-09-29,8199.38,8229.13,7890.0,8043.82,31544.211388,1569801599999,253660600.32529288,322501,15507.40078100,124764250.17575432,0
2019-09-30,8043.04,8337.26,7710.0,8289.34,55865.48726,1569887999999,449120676.84276034,455556,29052.01095100,233783108.23169308,0
2019-10-01,8289.97,8500.0,8173.05,8292.44,43472.418091,1569974399999,362980689.87999125,387653,22518.98439500,188065394.22718111,0
2019-10-02,8292.67,8373.91,8151.22,8359.94,26243.386644,1570060799999,216325351.85864461,261430,13652.36085000,112568257.13363141,0
2019-10-03,8360.0,8393.0,8060.0,8223.96,30488.284058,1570147199999,250291751.27141390,281307,15321.40753500,125826457.09252053,0
2019-10-04,8224.43,8232.41,8005.0,8137.13,26476.330404,1570233599999,215325611.68221507,259012,13236.81025500,107708233.74574784,0
2019-10-05,8137.09,8183.41,8012.98,8126.19,21907.615564,1570319999999,177252877.00296909,237769,10620.06982200,85943843.84390094,0
2019-10-06,8127.55,8153.87,7785.0,7854.25,34676.104049,1570406399999,275447898.03287501,325795,16437.31014100,130619830.63356862,0
2019-10-07,7855.3,8299.92,7762.0,8190.09,52202.072297,1570492799999,420921679.84426315,482605,28088.64970400,226592301.64382157,0
2019-10-08,8190.82,8325.0,8088.75,8168.39,35452.657423,1570579199999,290675248.14144530,395685,16893.73714000,138551354.17557934,0
2019-10-09,8170.79,8670.0,8115.0,8560.74,55038.704378,1570665599999,462845251.81361025,537805,29211.87169000,245678414.82929021,0
2019-10-10,8562.15,8644.0,8414.52,8558.03,39137.946167,1570751999999,333925412.30414180,406932,20587.71397100,175682847.81235146,0
2019-10-11,8557.82,8779.51,8212.38,8258.5,50405.284418,1570838399999,424413201.53293220,471818,24618.01713500,207347909.97597683,0
2019-10-12,8257.95,8400.0,8250.0,8300.09,21339.334098,1570924799999,177707852.59481888,280633,11644.42954400,96979920.39843419,0
2019-10-13,8301.98,8451.37,8160.0,8275.01,27840.739953,1571011199999,232149438.36395869,320051,14035.91465400,117101482.90464429,0
2019-10-14,8275.24,8388.85,8203.0,8348.2,29810.663253,1571097599999,247530733.18003484,345679,15273.00375500,126831374.41473168,0
2019-10-15,8346.86,8403.0,8090.0,8159.29,32773.062476,1571183999999,270727559.77701092,399447,16822.94001500,139031758.65565604,0
2019-10-16,8159.3,8181.16,7917.0,7991.74,34733.593966,1571270399999,279586845.53621386,421026,17198.82797600,138510455.77691367,0
2019-10-17,7995.02,8124.92,7929.03,8070.58,29656.949158,1571356799999,238343204.48251529,356490,15922.04605800,127960055.04589145,0
2019-10-18,8070.71,8115.0,7816.01,7947.01,31353.181416,1571443199999,248931322.10085052,399783,15692.63445000,124639536.56963075,0
2019-10-19,7946.89,8098.1,7866.92,7948.01,26627.889388,1571529599999,211909734.13572005,349746,13886.83824400,110541248.17503742,0
2019-10-20,7949.87,8297.0,7870.0,8223.35,34286.452654,1571615999999,275899861.65387123,396091,18042.42367700,145235373.21216156,0
2019-10-21,8223.35,8333.0,8142.03,8197.27,30448.679539,1571702399999,250117281.63661337,367169,16584.00038400,136247602.03863662,0
2019-10-22,8197.28,8297.99,8000.0,8020.0,34651.828663,1571788799999,283535483.41051363,384699,16767.03682400,137253195.95826291,0
2019-10-23,8020.06,8047.59,7300.0,7466.62,63897.457098,1571875199999,488220760.64641560,610241,28473.73030200,217502083.43670305,0
2019-10-24,7468.47,7503.68,7337.99,7412.41,32714.383265,1571961599999,243246414.94892389,403778,16705.37635500,124225722.47547963,0
2019-10-25,7412.41,8799.0,7361.0,8655.02,90748.218174,1572047999999,737329544.88351963,775418,49588.97661200,402740312.18785392,0
2019-10-26,8655.88,10370.0,8470.38,9230.0,162588.585413,1572134399999,1522244166.41084847,1185369,81590.33653100,764040095.62121791,0
2019-10-27,9230.0,9794.98,9074.34,9529.93,93833.541604,1572220799999,887438297.74626678,799978,47320.55467000,447629005.39656268,0
2019-10-28,9528.23,9902.1,9160.0,9205.14,80174.217323,1572307199999,759178942.94884192,681128,39754.68150100,376584590.21858095,0
2019-10-29,9204.45,9550.0,9072.0,9407.62,64158.462446,1572393599999,600611324.63569959,559589,32787.04917400,307062268.41991786,0
2019-10-30,9407.62,9409.84,9001.01,9154.72,55241.786434,1572479999999,506584830.03133233,524035,27416.56174800,251452283.20530460,0
2019-10-31,9154.02,9405.0,8913.0,9140.85,54376.024902,1572566399999,498152743.73480882,490183,27252.20353600,249802680.66380806,0
2019-11-01,9140.86,9279.0,9030.0,9231.61,43594.814115,1572652799999,398803069.00908462,478002,22843.60504200,209045155.88095699,0
2019-11-02,9231.4,9373.74,9186.21,9289.52,28923.060828,1572739199999,268119579.73009112,325421,15316.18786300,141991067.15333212,0
2019-11-03,9289.85,9362.57,9066.14,9194.71,27894.378279,1572825599999,256664259.66219141,326024,13611.80655800,125328511.00426772,0
2019-11-04,9196.46,9513.68,9115.84,9393.35,45894.456277,1572911999999,426792003.17490647,453749,24741.81592500,230142613.20752436,0
2019-11-05,9392.4,9454.95,9175.76,9308.66,45935.873665,1572998399999,428156963.07854693,492885,22809.23955800,212668961.37619617,0
2019-11-06,9307.73,9440.91,9250.01,9339.05,37336.170372,1573084799999,348607499.83121694,402997,18947.02412700,176929534.86037745,0
2019-11-07,9339.16,9375.0,9101.0,9216.2,39117.470853,1573171199999,361217475.05834649,401984,19603.52357200,181092296.04003776,0
2019-11-08,9214.0,9261.0,8696.0,8773.73,62107.289243,1573257599999,555589995.99358589,567331,30046.12929100,268900339.26312254,0
2019-11-09,8773.74,8880.0,8724.88,8809.41,29469.481405,1573343999999,259733491.82990895,326730,14990.42224600,132136096.26889738,0
2019-11-10,8809.18,9147.19,8750.0,9039.47,34422.029797,1573430399999,307316853.90375426,375946,17722.19709000,158219187.66195828,0
2019-11-11,9040.16,9072.32,8618.68,8733.27,44888.053545,1573516799999,394585996.32928712,415982,22111.94305700,194310323.85678739,0
2019-11-12,8733.36,8888.0,8567.6,8821.94,40366.629471,1573603199999,352675938.43059302,406765,20225.03456000,176773688.17197935,0
2019-11-13,8821.91,8844.99,8702.0,8777.12,26810.116918,1573689599999,235060554.12410157,281593,13524.99303500,118583622.59890504,0
2019-11-14,8777.54,8800.0,8582.6,8646.68,33468.468961,1573775999999,290104306.95303317,337019,16272.81678500,141092283.63703056,0
2019-11-15,8646.38,8790.0,8400.0,8471.73,46087.417751,1573862399999,394708981.31557231,423919,22568.29011700,193359510.76146770,0
2019-11-16,8471.62,8543.0,8400.0,8491.02,20902.299752,1573948799999,177222838.38564817,231473,10703.62978400,90759494.93371469,0
2019-11-17,8490.74,8635.0,8350.68,8502.4,27009.037082,1574035199999,229995700.81158423,259594,13607.51617900,115878483.61499645,0
2019-11-18,8502.87,8503.52,8060.0,8187.17,43017.69094,1574121599999,358706174.82521841,366263,20525.11692400,171255974.96099598,0
2019-11-19,8186.5,8218.63,8003.0,8133.64,43556.061025,1574207999999,353463792.04443395,357382,21816.72508400,177061624.17883486,0
2019-11-20,8133.83,8264.29,8038.4,8098.01,32466.23098,1574294399999,263387575.48592199,288843,16751.18645900,135913703.28376596,0
2019-11-21,8098.56,8134.73,7500.0,7627.74,58418.780261,1574380799999,455166676.27818021,430062,26902.36985100,209669250.00512216,0
2019-11-22,7627.79,7750.0,6790.0,7268.23,126603.140259,1574467199999,917881536.26208392,817604,60867.91218200,441369226.60627317,0
2019-11-23,7268.23,7344.48,7080.01,7311.57,50449.894755,1574553599999,364446217.37376043,414045,25882.63146600,187044325.06936933,0
2019-11-24,7311.1,7330.39,6861.0,6903.28,67890.206483,1574639999999,481922941.32697582,446014,33387.52869500,237048588.06349042,0
2019-11-25,6900.23,7377.69,6515.0,7109.57,119645.735197,1574726399999,831628458.30490691,679721,60533.39361300,421590444.06566384,0
2019-11-26,7109.99,7340.0,7017.48,7156.14,65722.39769,1574812799999,469602476.91268085,433933,33301.34994100,237985219.12113364,0
2019-11-27,7154.75,7655.0,6840.0,7508.52,92452.87349,1574899199999,671646609.16955084,582055,47058.02874400,342164140.18315736,0
2019-11-28,7507.9,7643.0,7360.0,7419.49,56933.981109,1574985599999,427572714.94560073,388953,28876.70895200,216954965.99168930,0
2019-11-29,7418.52,7850.0,7362.3,7739.68,60745.300873,1575071999999,463006956.68515143,412929,31576.88619000,240751084.86781706,0
2019-11-30,7740.99,7810.0,7441.0,7541.89,46989.433619,1575158399999,358749026.36075541,346506,23743.61033700,181318684.76790961,0
2019-12-01,7540.63,7541.85,7210.0,7390.89,60769.342313,1575244799999,446524917.20597040,420573,31120.00293200,228709227.47478201,0
2019-12-02,7391.5,7420.56,7151.1,7294.28,46330.25604,1575331199999,337889295.51018099,326881,24043.61639300,175417845.96777071,0
2019-12-03,7294.42,7400.0,7241.35,7292.71,33149.477487,1575417599999,242379261.10434754,265391,16639.29483700,121693871.29329204,0
2019-12-04,7292.71,7750.0,7067.0,7194.32,83147.149142,1575503999999,608623482.75992315,516158,41867.07805700,306621278.81212719,0
2019-12-05,7194.59,7485.0,7150.0,7389.0,59306.678855,1575590399999,434738864.78401241,430359,30794.87400900,225785929.45196422,0
2019-12-06,7389.0,7590.03,7305.0,7527.47,48189.087944,1575676799999,356905919.01555993,367854,25901.01433400,191894551.37719464,0
2019-12-07,7527.8,7619.62,7470.16,7488.21,31498.684173,1575763199999,237000924.85530462,263592,16179.18492200,121730405.77530764,0
2019-12-08,7487.31,7564.0,7374.86,7510.11,29856.897631,1575849599999,223314325.61846468,257514,15295.64625000,114410839.18893658,0
2019-12-09,7510.11,7650.0,7273.0,7338.64,46621.887493,1575935999999,347471155.48268330,359648,23733.12631700,176936408.77023645,0
2019-12-10,7338.64,7407.6,7157.1,7224.13,49723.76214,1576022399999,363127435.39551666,439637,24739.06415300,180700991.44760172,0
2019-12-11,7224.15,7275.5,7125.66,7210.0,30093.091944,1576108799999,217095653.86658926,268269,15475.53917200,111646214.45842433,0
2019-12-12,7210.0,7295.0,7080.3,7198.08,42288.600932,1576195199999,303657479.49269097,331414,20847.38402600,149736412.31992898,0
2019-12-13,7197.76,7309.05,7190.76,7258.48,27609.873795,1576281599999,199836160.23365225,252135,14299.03325600,103507284.73033177,0
2019-12-14,7257.37,7271.77,7012.0,7064.05,29561.985967,1576367999999,211004228.01585397,276819,14397.27374300,102799669.53690346,0
2019-12-15,7064.14,7200.3,7008.35,7118.59,26395.778137,1576454399999,187402764.56353110,262651,13778.88014600,97846824.91339022,0
2019-12-16,7119.6,7150.0,6836.0,6891.72,43863.993059,1576540799999,307508569.89251376,371202,21512.68837100,150883357.87501083,0
2019-12-17,6891.44,6942.21,6560.0,6623.82,53865.069929,1576627199999,364087469.82227792,454097,26510.45395100,179268531.68762408,0
2019-12-18,6623.84,7440.0,6435.0,7277.83,95636.651251,1576713599999,654057202.15882882,714073,49843.65081700,341707270.92404456,0
2019-12-19,7277.83,7380.0,7038.31,7150.3,55509.049075,1576799999999,397407677.05856507,439761,27456.52827200,196558003.60942764,0
2019-12-20,7151.31,7220.0,7079.5,7187.83,32132.069205,1576886399999,229842650.42149539,312766,16641.05268900,119044689.29161471,0
2019-12-21,7188.01,7190.58,7105.0,7132.75,19467.174028,1576972799999,139069157.08645769,212162,10119.76101200,72297064.99889134,0
2019-12-22,7131.59,7518.54,7122.47,7501.44,39137.45515,1577059199999,285577206.94063478,356612,20625.43673200,150554135.68143037,0
2019-12-23,7500.71,7695.38,7265.84,7317.09,68051.997203,1577145599999,510710431.76686034,530669,33444.24377200,251116788.72529315,0
2019-12-24,7317.3,7436.68,7157.04,7255.77,43629.494188,1577231999999,318428019.00090993,384678,21552.75120600,157326354.03834855,0
2019-12-25,7255.77,7271.77,7128.86,7204.63,27492.044323,1577318399999,198273303.10954585,289924,14433.03899100,104115922.41287489,0
2019-12-26,7205.01,7435.0,7157.12,7202.0,36259.761076,1577404799999,263289798.95618758,337695,18887.86566500,137178762.78933651,0
2019-12-27,7202.0,7275.86,7076.42,7254.74,33642.701861,1577491199999,242214722.72289035,297262,16882.39676800,121593559.33506629,0
2019-12-28,7254.77,7365.01,7238.67,7316.14,26848.982199,1577577599999,196322192.43800189,272607,13894.47624200,101598406.02770426,0
2019-12-29,7315.36,7528.45,7288.0,7388.24,31387.106085,1577663999999,231731575.82821695,283213,15999.77782800,118139507.92862746,0
2019-12-30,7388.43,7408.24,7220.0,7246.0,29605.911782,1577750399999,216508875.51767525,279033,13768.25666400,100676879.90295008,0
2019-12-31,7246.0,7320.0,7145.01,7195.23,25954.453533,1577836799999,187518399.34504001,251976,12595.93034700,91036201.13783441,0
2020-01-01,7195.24,7255.0,7175.15,7200.85,16792.388165,1577923199999,121214452.11606228,194010,8946.95553500,64597785.21233434,0
2020-01-02,7200.77,7212.5,6924.74,6965.71,31951.483932,1578009599999,225982341.30114030,302667,15141.61134000,107060829.07806464,0
2020-01-03,6965.49,7405.0,6871.04,7344.96,68428.500451,1578095999999,495098582.96203543,519854,35595.49627300,257713113.85172859,0
2020-01-04,7345.0,7404.0,7272.21,7354.11,29987.974977,1578182399999,219874240.93994811,279370,16369.38224800,120035111.72407165,0
2020-01-05,7354.19,7495.0,7318.0,7358.75,38331.085604,1578268799999,284848683.78917621,329209,19455.36956400,144600094.38965074,0
2020-01-06,7357.64,7795.34,7346.76,7758.0,54635.695316,1578355199999,413330481.22604919,449937,28853.76777000,218411610.65942464,0
2020-01-07,7758.9,8207.68,7723.71,8145.28,91171.684661,1578441599999,724202791.14296263,685315,46192.11154900,366866967.61393177,0
2020-01-08,8145.92,8455.0,7870.0,8055.98,112622.64264,1578527999999,926410232.60450582,830375,55071.10951400,453284250.45453957,0
2020-01-09,8054.72,8055.96,7750.0,7817.76,64239.51983,1578614399999,507258250.47487964,478800,31645.75922100,249899679.33440103,0
2020-01-10,7817.74,8199.0,7672.0,8197.02,82406.777448,1578700799999,652774220.38843703,606101,42361.75530700,335845385.67483303,0
2020-01-11,8198.86,8286.34,8003.16,8020.01,54810.032667,1578787199999,445034349.56470204,469131,27916.12497400,226716001.44288607,0
2020-01-12,8020.01,8197.0,7960.0,8184.98,38131.494336,1578873599999,309351920.45885002,350662,19718.54109600,159972663.99291870,0
2020-01-13,8184.97,8196.0,8055.89,8110.34,31159.755683,1578959999999,252656965.35815013,289144,15215.22650100,123407351.91807934,0
2020-01-14,8110.34,8880.0,8105.54,8810.01,120399.126742,1579046399999,1032735180.86587384,915328,62492.09667600,536081638.05418570,0
2020-01-15,8814.64,8916.48,8564.0,8821.41,84816.297606,1579132799999,743712237.27908164,764048,42493.55102600,372770745.17929917,0
2020-01-16,8820.01,8859.81,8586.0,8720.01,51991.074284,1579219199999,451752380.28108111,543064,25996.30135000,225914888.37777233,0
2020-01-17,8720.15,9041.65,8672.44,8913.28,70897.737377,1579305599999,629568740.70700897,676403,36139.80884500,320997160.95891669,0
2020-01-18,8913.27,8988.88,8806.38,8915.96,38294.746545,1579391999999,340852837.91608031,458182,19421.29531300,172895403.23974317,0
2020-01-19,8915.09,9198.98,8466.0,8701.7,70676.889259,1579478399999,623950864.27629280,615665,33655.94324100,297282818.09315907,0
2020-01-20,8701.72,8746.99,8521.28,8642.35,38896.639746,1579564799999,336447837.00180591,385006,19453.86378200,168293007.48754648,0
2020-01-21,8642.35,8789.0,8488.0,8736.03,36494.687659,1579651199999,316056704.98473800,365621,18731.87163700,162303157.94279355,0
2020-01-22,8736.04,8818.0,8590.0,8682.36,29080.557138,1579737599999,252638888.21492550,317424,14477.15751200,125794389.99554266,0
2020-01-23,8682.77,8691.81,8306.39,8404.52,48165.944597,1579823999999,407428808.67533703,464805,23287.71244400,196965082.04041370,0
2020-01-24,8404.52,8528.02,8238.0,8439.0,41687.529529,1579910399999,349874174.79003938,407271,21293.48958600,178752179.11477745,0
2020-01-25,8438.99,8451.26,8254.9,8340.58,25521.157932,1579996799999,212869245.63589778,283118,13076.75278600,109098245.22427255,0
2020-01-26,8340.01,8618.13,8293.66,8615.0,31130.485164,1580083199999,263941925.27299900,332612,15797.91126700,133936210.14356350,0
2020-01-27,8614.39,9000.0,8535.0,8907.57,53973.542996,1580169599999,473194952.80446884,514196,28592.32652100,250794158.80919072,0
2020-01-28,8907.57,9400.0,8862.4,9374.21,74584.853765,1580255999999,676593159.48233962,616678,38852.36324600,352558461.21538207,0
2020-01-29,9375.34,9449.24,9216.0,9301.53,53864.065122,1580342399999,503188568.83635783,492545,26615.65132900,248688826.41119043,0
2020-01-30,9301.57,9578.0,9204.44,9513.21,60626.744259,1580428799999,569652869.81968368,529570,30852.55545000,290043577.43928681,0
2020-01-31,9511.52,9530.22,9210.01,9352.89,45552.022352,1580515199999,425779010.40653666,428547,22482.47089900,210150300.22227438,0
2020-02-01,9351.71,9464.53,9281.0,9384.61,28578.067354,1580601599999,268137739.99333750,334972,14679.12630500,137764121.89168733,0
2020-02-02,9384.41,9477.03,9120.0,9331.51,45690.91254,1580687999999,428064088.69046830,446558,22588.40606000,211808205.79156946,0
2020-02-03,9331.59,9618.79,9234.0,9292.24,50892.133451,1580774399999,476379993.49247244,492124,24781.39769600,232065946.53854197,0
2020-02-04,9291.35,9350.0,9093.01,9197.02,53308.175266,1580860799999,491136137.21076251,528930,26103.43230700,240571508.24015159,0
2020-02-05,9197.02,9744.45,9177.22,9612.04,64870.415615,1580947199999,613540574.78183120,661758,35375.60520200,334620486.13736696,0
2020-02-06,9612.03,9862.57,9526.35,9772.0,64949.706588,1581033599999,631245079.82238119,682179,32143.45464700,312506614.38662455,0
2020-02-07,9772.0,9885.0,9730.0,9813.73,43966.114632,1581119999999,430744860.18143928,582249,22733.98818600,222761439.95578878,0
2020-02-08,9813.87,9940.0,9667.11,9895.05,43600.843666,1581206399999,427781790.20081596,514573,22664.38183700,222438123.84668740,0
2020-02-09,9895.04,10166.0,9880.75,10151.75,43408.475616,1581292799999,437441704.90539635,536848,22408.27732700,225799470.00274661,0
2020-02-10,10151.72,10188.0,9756.0,9851.83,59573.084619,1581379199999,590091358.44290697,690308,28618.88324500,283509329.43681316,0
2020-02-11,9851.74,10323.59,9700.0,10223.08,62422.395224,1581465599999,624970415.40547413,710170,31905.31642000,319373572.87250502,0
2020-02-12,10223.08,10450.0,10223.08,10326.46,61008.06393,1581551999999,629756037.51607864,857655,31141.80770000,321525481.54140180,0
2020-02-13,10325.33,10500.0,10080.0,10229.63,79344.358759,1581638399999,815507473.73536100,932802,38475.27254800,395629173.03862326,0
2020-02-14,10227.78,10381.56,10111.37,10344.36,47038.480173,1581724799999,482455622.00362595,622310,23697.00549300,243079257.30551489,0
2020-02-15,10344.36,10375.0,9801.0,9904.72,57657.202947,1581811199999,580845331.17478468,739781,26758.58032300,269731775.50315572,0
2020-02-16,9904.46,10050.0,9638.12,9917.27,60023.999537,1581897599999,592584876.90408609,708070,29406.13683900,290482773.25193714,0
2020-02-17,9910.7,9964.16,9452.67,9706.0,70261.011901,1581983999999,680009637.61599533,778058,33221.83924100,321724146.09734819,0
2020-02-18,9706.0,10250.0,9576.01,10164.71,70604.124019,1582070399999,696870122.81260796,723413,37303.99632600,368380176.64872573,0
2020-02-19,10164.78,10250.0,9350.0,9593.79,55162.586895,1582156799999,547679966.92922570,588760,25457.91648000,253188749.12823528,0
2020-02-20,9594.65,9699.0,9400.0,9596.42,60152.342914,1582243199999,576020107.46260181,667387,29843.20887500,285816414.87816031,0
2020-02-21,9597.21,9755.51,9550.21,9677.05,42181.554524,1582329599999,408286949.80352921,470599,21645.26761400,209532434.57633311,0
2020-02-22,9677.05,9709.17,9560.02,9650.86,24636.757623,1582415999999,237544283.22525856,319961,13267.24651100,127929552.99759819,0
2020-02-23,9650.85,9990.0,9645.0,9936.4,37702.089843,1582502399999,371815095.46744496,441935,20035.25054900,197592792.86246950,0
2020-02-24,9936.4,9990.0,9473.56,9656.13,55796.59612,1582588799999,542081527.64083289,589384,26426.93064400,256859539.02050738,0
2020-02-25,9655.52,9675.0,9250.0,9315.84,54379.344552,1582675199999,514946930.56602305,579079,26318.93415800,249358678.88131346,0
2020-02-26,9316.48,9377.44,8633.63,8785.25,92130.345482,1582761599999,830717784.37909491,871018,41928.87480900,378197861.58165483,0
2020-02-27,8786.0,8971.77,8531.0,8823.21,72483.578762,1582847999999,636955872.76254629,696646,35410.01449200,311229361.68385182,0
2020-02-28,8823.25,8900.0,8445.0,8692.91,71155.208977,1582934399999,615664817.01039124,655727,35295.60613500,305533926.98473354,0
2020-02-29,8690.8,8790.0,8523.55,8523.61,36748.183035,1583020799999,318585951.98853237,414175,18916.85455900,164044036.86872094,0
2020-03-01,8523.61,8750.0,8411.0,8531.88,43892.201779,1583107199999,375729315.25408258,472019,21838.36886600,186962259.70689059,0
2020-03-02,8530.3,8965.75,8498.0,8915.24,60401.31773,1583193599999,528906629.56281918,564535,31213.08060200,273395227.94832437,0
2020-03-03,8911.18,8919.65,8651.0,8760.07,55154.997282,1583279999999,484181096.32295575,512762,26954.22974500,236655810.14459231,0
2020-03-04,8760.07,8848.29,8660.0,8750.87,38696.482578,1583366399999,338849891.95293542,454817,19279.33119000,168832874.50723547,0
2020-03-05,8750.99,9159.42,8746.54,9054.68,58201.866355,1583452799999,524102029.20478296,619552,30482.08217100,274387102.91088936,0
2020-03-06,9054.64,9170.0,8985.5,9131.88,43782.948044,1583539199999,397598476.42056292,493216,22296.56050600,202484342.22117205,0
2020-03-07,9130.89,9188.0,8835.0,8886.66,45422.204525,1583625599999,409983263.78913797,485400,22281.71585500,201161181.30473225,0
2020-03-08,8885.25,8886.76,8000.0,8033.31,77537.315166,1583711999999,656931544.78216040,740741,34843.60784900,295351474.43544910,0
2020-03-09,8034.76,8179.31,7632.01,7929.87,116968.863268,1583798399999,918787729.08558386,929234,58020.95792700,455866837.30462256,0
2020-03-10,7929.87,8149.0,7728.01,7894.56,86783.443875,1583884799999,689700153.44909328,737528,43673.58402400,347117049.36196732,0
2020-03-11,7894.57,7980.0,7590.0,7934.52,79942.411172,1583971199999,624465167.36481883,699401,40497.89273800,316442882.75970132,0
2020-03-12,7934.58,7966.17,4410.0,4800.0,261505.608653,1584057599999,1628590104.22221324,1770812,119298.00619700,743481672.20376488,0
2020-03-13,4800.01,5955.0,3782.13,5578.6,402201.673764,1584143999999,2063819540.63899484,2309830,197511.95427300,1017423855.75574906,0
2020-03-14,5576.05,5640.52,5055.13,5172.06,136910.135974,1584230399999,736651880.92107893,1106125,66104.01972900,356020329.85217690,0
2020-03-15,5172.48,5940.0,5093.1,5361.3,139916.146534,1584316799999,753755706.42687720,1037714,70540.65095000,380499471.94982265,0
2020-03-16,5360.33,5365.42,4442.12,5028.97,227276.92276,1584403199999,1113690309.10158680,1608176,108901.96736600,533857910.81658686,0
2020-03-17,5028.86,5525.0,4921.45,5312.64,150089.926318,1584489599999,793147908.26849729,1069217,74698.37425400,394902319.12415861,0
2020-03-18,5312.64,5436.17,5009.37,5393.04,137127.634894,1584575999999,719748122.45301997,962843,65106.06777800,341970839.57798240,0
2020-03-19,5393.26,6400.0,5252.53,6162.37,199020.873439,1584662399999,1164739707.51423590,1403608,99011.94701100,579536547.75822434,0
2020-03-20,6162.05,6900.0,5670.0,6208.36,219298.329514,1584748799999,1401734013.17520213,1580069,104719.63918000,670117999.14814168,0
2020-03-21,6204.57,6456.98,5860.02,6186.98,128913.668363,1584835199999,794962136.63841710,990974,63326.09685200,390737241.11380974,0
2020-03-22,6187.04,6407.87,5734.01,5816.19,119115.990527,1584921599999,722895653.51006145,952259,57189.89834900,347411876.36095811,0
2020-03-23,5816.05,6600.0,5688.0,6467.31,164674.215785,1585007999999,1015525672.07438633,1099406,84136.01172800,519197453.13588756,0
2020-03-24,6465.25,6833.0,6371.33,6744.72,151138.009878,1585094399999,1001890515.23998861,1012669,72781.81732800,482659188.55276766,0
2020-03-25,6744.69,6957.96,6450.0,6677.43,132155.734989,1585180799999,880250736.90798865,912179,63515.16835000,423439621.64069462,0
2020-03-26,6677.42,6780.0,6510.0,6737.36,83026.555211,1585267199999,552537189.47935146,668467,41123.41050600,273834254.46692475,0
2020-03-27,6737.27,6842.59,6261.0,6359.11,82914.968354,1585353599999,551326113.85520389,643631,38439.27221600,255910741.81760174,0
2020-03-28,6359.11,6360.0,6024.0,6236.65,93159.693429,1585439999999,577986706.12893653,725588,44960.52343800,279053353.63500286,0
2020-03-29,6236.65,6266.0,5866.56,5881.42,63311.627714,1585526399999,383707122.50096294,496709,29080.96792200,176336037.90451324,0
2020-03-30,5880.5,6599.0,5857.76,6394.38,118889.549992,1585612799999,747569726.45441973,784034,58863.31298300,370039956.00738122,0
2020-03-31,6394.45,6523.23,6321.4,6410.44,72337.595259,1585699199999,465780496.62248718,538231,34730.90233400,223650665.24981058,0
2020-04-01,6412.14,6679.94,6150.11,6642.92,97500.7524,1585785599999,618527468.83416410,758061,49161.37019500,312180122.98026614,0
2020-04-02,6643.36,7198.0,6551.0,6794.09,149299.906871,1585871999999,1014494762.44164222,1101043,74722.16374800,508095825.95867690,0
2020-04-03,6793.86,7048.0,6602.1,6734.1,104080.276939,1585958399999,710254017.10027212,840456,51077.93867100,348762338.66686200,0
2020-04-04,6732.97,6990.41,6650.01,6856.99,72990.861139,1586044799999,495076283.52090415,659051,36419.05668400,247173793.29146553,0
2020-04-05,6857.41,6895.54,6677.52,6772.78,49685.356983,1586131199999,337062083.00202794,506433,23875.57831200,162008820.38877512,0
2020-04-06,6772.78,7355.14,6765.0,7329.9,118052.000832,1586217599999,837357664.65192143,956586,59322.20887300,420706756.20827898,0
2020-04-07,7329.9,7459.69,7077.0,7197.32,103585.168918,1586303999999,757201786.69766315,924436,48811.26778900,357008427.72553911,0
2020-04-08,7197.32,7420.0,7150.0,7361.28,76059.145838,1586390399999,555122600.27502590,750516,39000.55256500,284685809.77746603,0
2020-04-09,7360.26,7371.92,7108.08,7283.54,61094.872417,1586476799999,444741085.90375861,686207,28801.89285100,209718590.14289618,0
2020-04-10,7283.54,7295.75,6739.98,6858.92,104674.623375,1586563199999,727281590.77193982,949050,47958.96080500,333222230.69815031,0
2020-04-11,6858.92,6944.3,6760.0,6876.83,45470.293206,1586649599999,311699573.51667396,484618,21157.12838100,145036158.54711846,0
2020-04-12,6876.84,7177.0,6780.0,6903.79,73868.666501,1586735999999,516235035.18651132,648323,35637.95868700,249206873.18271956,0
2020-04-13,6903.79,6903.79,6575.0,6837.91,96415.476573,1586822399999,649390681.24850258,804179,44648.49218700,300780988.70993096,0
2020-04-14,6838.04,6978.0,6754.28,6868.7,69068.623285,1586908799999,474794776.19211112,608665,32019.32233700,220122993.72657639,0
2020-04-15,6868.57,6933.0,6605.0,6621.24,61571.384994,1586995199999,416947490.61569572,581374,29866.89225000,202324176.16003710,0
2020-04-16,6621.25,7190.0,6468.27,7101.94,125009.857539,1587081599999,865277543.39469342,971163,63251.20433100,438475139.10829708,0
2020-04-17,7101.99,7148.12,6972.98,7027.55,54126.509763,1587167999999,382334236.16947893,537554,25973.97067700,183489537.17453394,0
2020-04-18,7026.78,7293.08,7014.4,7248.6,49488.542819,1587254399999,354845083.77618894,494670,23980.64473100,171950110.37011601,0
2020-04-19,7248.6,7266.15,7055.6,7120.74,45664.86393,1587340799999,326485586.93173834,483574,21519.03097600,153854417.37068870,0
2020-04-20,7121.4,7220.0,6751.0,6826.83,90149.49137,1587427199999,629612368.74768921,785174,40427.51593300,282531224.31281103,0
2020-04-21,6828.98,6940.0,6762.0,6841.37,60109.710808,1587513599999,411800606.08159712,555797,27732.16439800,190003705.32072503,0
2020-04-22,6841.36,7156.38,6818.0,7125.14,61486.377334,1587599999999,431271646.17559905,508659,28258.85992200,198241315.96185334,0
2020-04-23,7125.12,7738.0,7020.0,7482.39,102773.569561,1587686399999,756320213.58585215,881099,52475.59854100,386041564.82445067,0
2020-04-24,7483.96,7615.96,7388.0,7505.0,60182.119939,1587772799999,452118137.79400162,601093,29412.50914300,220931579.32065317,0
2020-04-25,7505.0,7705.0,7431.07,7538.67,43874.427726,1587859199999,331292050.77197311,521943,21111.14094600,159480178.37989961,0
2020-04-26,7539.03,7700.0,7480.0,7693.1,50522.616209,1587945599999,384202783.27470957,554480,24707.49422500,187939788.77144254,0
2020-04-27,7693.1,7792.02,7606.0,7774.62,65441.339576,1588031999999,504025811.65125354,637800,31594.10659600,243380424.90896012,0
2020-04-28,7773.51,7780.0,7659.12,7738.98,46302.752638,1588118399999,357391780.93076267,499414,21305.50136000,164468534.08844884,0
2020-04-29,7738.58,8952.89,7710.05,8778.57,183546.887514,1588204799999,1536390177.04494896,1433128,91462.00561700,765292175.06718837,0
2020-04-30,8778.58,9460.0,8401.0,8620.0,206277.214124,1588291199999,1839283907.46251938,1661554,99484.47637700,887675398.17769395,0
2020-05-01,8620.0,9059.18,8613.56,8826.96,91468.815059,1588377599999,805640126.63087045,865960,44763.35448100,394216389.90386545,0
2020-05-02,8825.67,9010.0,8753.0,8972.05,59002.08755,1588463999999,523838859.54424918,637884,30400.35344900,269917468.34160132,0
2020-05-03,8972.58,9200.0,8712.0,8894.16,90126.065643,1588550399999,808427095.93215912,877460,44321.37040000,397824441.80123721,0
2020-05-04,8894.15,8950.0,8522.0,8871.96,84418.512331,1588636799999,738343818.69392538,848802,39118.38022200,342180074.58001776,0
2020-05-05,8871.92,9118.58,8760.0,9021.83,76480.765342,1588723199999,683083018.87798085,812543,37454.51837900,334700993.43285028,0
2020-05-06,9021.36,9395.0,8906.21,9142.92,105925.30242,1588809599999,972793508.46490739,1007661,51189.79089300,470167656.56560318,0
2020-05-07,9143.4,10067.0,9021.0,9986.4,147154.611378,1588895999999,1409783462.00636428,1254835,74602.19311200,715407978.19610432,0
2020-05-08,9986.3,10035.96,9705.0,9800.01,100683.7964,1588982399999,997005843.74047920,967816,46207.63759400,457701324.85886588,0
2020-05-09,9800.02,9914.25,9520.0,9539.4,81950.679567,1589068799999,795001351.67970229,839384,36738.67924400,356475632.65892539,0
2020-05-10,9539.1,9574.83,8117.0,8722.77,183865.182028,1589155199999,1594996476.97563696,1565771,84376.58077400,731417660.35199514,0
2020-05-11,8722.77,9168.0,8200.0,8561.52,168807.251832,1589241599999,1468392820.76080359,1367382,81474.59506700,708958944.15865879,0
2020-05-12,8562.04,8978.26,8528.78,8810.79,86522.780066,1589327999999,760195457.05095863,784859,40570.31740100,356508014.18846761,0
2020-05-13,8810.99,9398.0,8792.99,9309.37,92466.274018,1589414399999,839725719.96020766,869216,43648.35465500,396713970.04433138,0
2020-05-14,9309.35,9939.0,9256.76,9791.98,129565.37747,1589500799999,1247456797.81366625,1199530,63438.51099300,611313934.39132358,0
2020-05-15,9791.97,9845.62,9150.0,9316.42,115890.761516,1589587199999,1099721375.89190578,1055630,55397.12343400,525813199.33664916,0
2020-05-16,9315.96,9588.0,9220.0,9381.27,59587.627862,1589673599999,560547005.02590862,692028,28861.36820000,271542836.21380133,0
2020-05-17,9380.81,9888.0,9322.1,9680.04,68647.764323,1589759999999,663088800.81527807,722718,34734.03499300,335478915.97643693,0
2020-05-18,9681.11,9950.0,9464.23,9733.93,82006.603583,1589846399999,797622297.32616827,794292,40242.84298600,391957586.20057755,0
2020-05-19,9733.93,9897.21,9474.0,9775.53,78539.760454,1589932799999,760713946.00854609,773581,37821.71930800,366745428.20816091,0
2020-05-20,9775.13,9842.0,9326.0,9511.43,74923.73809,1590019199999,721190802.76340253,731189,33481.79667800,322416331.96245272,0
2020-05-21,9511.43,9578.47,8815.0,9068.65,108928.780969,1590105599999,1002046265.94125970,951971,49914.08113800,459089374.16887958,0
2020-05-22,9067.51,9271.0,8933.52,9170.0,58943.131024,1590191999999,537847834.49670863,693694,28987.31589600,264538897.25902512,0
2020-05-23,9170.0,9307.85,9070.0,9179.15,43526.296966,1590278399999,400407195.62892234,512460,21377.61633200,196682791.17593565,0
2020-05-24,9179.01,9298.0,8700.0,8720.34,70379.86645,1590364799999,636787240.37332477,774088,32046.41144400,290362268.47214719,0
2020-05-25,8718.14,8979.66,8642.72,8900.35,62833.910949,1590451199999,553545285.91401386,733557,30771.88874400,271166770.94493836,0
2020-05-26,8900.35,9017.67,8700.0,8841.18,58299.770138,1590537599999,516455128.89068804,678304,28242.17008300,250278944.16497476,0
2020-05-27,8841.0,9225.0,8811.73,9204.07,68910.355514,1590623999999,624660855.78003700,662850,33532.62026500,304057334.99150484,0
2020-05-28,9204.07,9625.47,9110.0,9575.89,74110.787662,1590710399999,693930106.18138250,738725,37974.89960900,355720464.86308430,0
2020-05-29,9575.87,9605.26,9330.0,9427.07,57374.362961,1590796799999,542758086.60647017,593705,26819.21289400,253696538.73175294,0
2020-05-30,9426.6,9740.0,9331.23,9697.72,55665.27254,1590883199999,530598690.07145047,651290,29252.67990400,279016030.13117991,0
2020-05-31,9697.72,9700.0,9381.41,9448.27,48333.786403,1590969599999,461272298.85252054,651473,22778.00116900,217450165.01806332,0
2020-06-01,9448.27,10380.0,9421.67,10200.77,76649.12696,1591055999999,749707596.65935731,826964,41530.41231700,406777189.28314986,0
2020-06-02,10202.71,10228.99,9266.0,9518.04,108970.773151,1591142399999,1070060237.13020932,1004312,49354.90796900,485973112.19351892,0
2020-06-03,9518.02,9690.0,9365.21,9666.24,46252.644939,1591228799999,441928818.04301561,562784,22656.30815000,216537558.01685119,0
2020-06-04,9666.32,9881.63,9450.0,9789.06,57456.100969,1591315199999,557234945.64673886,665881,28778.23737100,279263924.70782905,0
2020-06-05,9788.14,9854.75,9581.0,9621.16,47788.05005,1591401599999,465200788.20363384,566062,22329.10711900,217444468.95052851,0
2020-06-06,9621.17,9735.0,9531.05,9666.3,32752.950893,1591487999999,315604867.23614906,435796,15832.69376500,152610794.94554911,0
2020-06-07,9666.85,9802.0,9372.46,9746.99,57952.848385,1591574399999,556919603.79154480,637766,28426.59512900,273242856.19134752,0
2020-06-08,9746.99,9800.0,9633.0,9782.01,40664.664125,1591660799999,395459395.82133724,485139,19744.03912400,192037951.04548972,0
2020-06-09,9782.0,9877.0,9570.0,9772.43,46024.001289,1591747199999,447208895.83869834,551863,21901.19095000,212965408.67782809,0
2020-06-10,9772.44,9992.72,9704.18,9885.0,47130.762982,1591833599999,462384305.35119935,560909,23128.16103200,226982635.61915444,0
2020-06-11,9885.22,9964.0,9113.0,9280.4,94418.98473,1591919999999,902075648.54538493,966502,40972.06474900,391689549.65796588,0
2020-06-12,9278.88,9557.12,9232.51,9465.13,50119.066932,1592006399999,472007894.37567532,553203,24344.81637000,229325970.87113216,0
2020-06-13,9464.96,9494.73,9351.0,9473.34,27759.784851,1592092799999,261673162.25847242,392763,13531.00721400,127577168.31734001,0
2020-06-14,9473.34,9480.99,9245.0,9342.1,30055.506608,1592179199999,282131272.38006622,415568,14465.41615100,135811554.06421556,0
2020-06-15,9342.1,9495.0,8910.45,9426.02,86107.924707,1592265599999,793518842.55098446,839521,41630.74752900,384031123.18172884,0
2020-06-16,9426.05,9589.0,9373.09,9525.59,52052.446927,1592351999999,494458269.13979110,543481,25692.83962500,244097412.88280761,0
2020-06-17,9526.97,9565.0,9236.61,9465.14,48046.411152,1592438399999,453209812.22578060,536158,22842.83127600,215532725.63392767,0
2020-06-18,9465.13,9489.0,9280.0,9386.32,37381.953765,1592524799999,351649555.07253869,475074,17940.40525300,168801558.37933228,0
2020-06-19,9386.32,9438.3,9215.79,9310.23,45330.983673,1592611199999,423086965.19273827,503484,22055.96904600,205898368.34014912,0
2020-06-20,9310.23,9395.0,9170.95,9358.95,30329.065384,1592697599999,282120360.55675261,382778,15125.08176900,140741525.62068328,0
2020-06-21,9358.95,9422.0,9281.54,9294.69,24316.926234,1592783999999,227467940.61021120,321015,11779.79718200,110215504.55537862,0
2020-06-22,9294.69,9780.0,9277.09,9685.69,57895.468343,1592870399999,550995799.06947046,588704,30738.20037500,292712778.14347612,0
2020-06-23,9685.69,9720.0,9577.03,9624.89,41031.02938,1592956799999,395487616.46087799,474319,19112.60621600,184247416.84941235,0
2020-06-24,9624.33,9670.0,9208.0,9296.49,61571.561464,1593043199999,579426702.79668215,572362,26903.54406100,253131387.59992126,0
2020-06-25,9298.33,9340.0,9009.69,9249.49,55831.619156,1593129599999,514396747.40478276,536205,26546.39556300,244659133.88502359,0
2020-06-26,9249.49,9298.0,9045.45,9162.21,50292.298277,1593215999999,461347064.82950308,510947,23307.90347500,213866832.83863124,0
2020-06-27,9162.21,9196.24,8833.0,9012.0,46290.930113,1593302399999,419606802.23720138,499415,21056.87686000,191013780.26087574,0
2020-06-28,9012.0,9191.0,8948.06,9116.35,30688.176421,1593388799999,278721674.92211122,374404,14982.80452800,136093615.81906539,0
2020-06-29,9116.16,9238.0,9024.67,9192.56,42120.293261,1593475199999,384206326.47068040,434299,20449.09779600,186542867.41056208,0
2020-06-30,9192.93,9205.0,9064.89,9138.55,31463.162801,1593561599999,287781334.51701579,328083,15267.74746700,139674651.10276634,0
2020-07-01,9138.08,9292.0,9080.1,9232.0,38488.528699,1593647999999,354087627.16966118,374832,19068.83170500,175429466.28921979,0
2020-07-02,9231.99,9261.96,8940.0,9086.54,45725.168076,1593734399999,417724468.88735677,470292,21637.63048900,197709875.24815683,0
2020-07-03,9086.54,9125.0,9037.47,9058.26,28943.420177,1593820799999,263123750.46717236,343189,13719.52451700,124722413.06761462,0
2020-07-04,9057.79,9190.0,9040.04,9135.46,26441.968484,1593907199999,240576054.91572312,335225,13588.81960000,123666216.06517515,0
2020-07-05,9135.0,9145.24,8893.03,9069.41,34073.653627,1593993599999,308410443.65921520,384500,16276.23427000,147339875.53843993,0
2020-07-06,9069.41,9375.0,9055.92,9344.2,54463.132277,1594079999999,502548376.20946366,533540,28132.94222200,259636973.33594599,0
2020-07-07,9342.47,9379.42,9203.0,9257.39,34587.336678,1594166399999,320576525.35534977,433481,16284.84900200,150931441.59977534,0
2020-07-08,9257.4,9470.0,9231.0,9436.06,56140.517781,1594252799999,525344876.69992350,652605,28067.68064200,262723969.14964063,0
2020-07-09,9436.06,9440.79,9160.0,9232.43,48044.450645,1594339199999,447640493.54432978,575491,22644.91550100,210991009.74510143,0
2020-07-10,9232.42,9317.48,9125.0,9288.34,38295.494006,1594425599999,352238898.76948255,525484,18360.61316800,168904319.25502697,0
2020-07-11,9288.34,9299.28,9178.25,9234.03,22561.366,1594511999999,208410250.50959371,413452,10815.47329300,99921646.88340026,0
2020-07-12,9234.02,9345.0,9157.5,9302.75,30872.702286,1594598399999,285591381.49153138,484875,14980.18770400,138584259.00133508,0
2020-07-13,9303.31,9343.82,9200.89,9242.62,42740.069115,1594684799999,396614086.79626994,642552,19689.44333700,182734051.95071439,0
2020-07-14,9242.61,9279.54,9113.0,9255.85,45772.552509,1594771199999,421789086.45494741,613139,21666.53695100,199673293.75001954,0
2020-07-15,9255.85,9276.49,9160.57,9197.6,39053.579665,1594857599999,360201683.49480513,554780,17977.67974700,165822998.03166477,0
2020-07-16,9197.6,9226.15,9047.25,9133.72,43375.571191,1594943999999,395883667.02480033,681807,20410.13000900,186271268.49276469,0
2020-07-17,9133.72,9186.83,9089.81,9154.32,28054.358741,1595030399999,256360345.57676793,470991,13397.53780500,122434361.70789555,0
2020-07-18,9154.31,9219.3,9121.1,9170.28,22554.541457,1595116799999,206628105.36278893,430377,11502.70482900,105387979.46391492,0
2020-07-19,9170.3,9232.27,9101.35,9208.99,26052.019417,1595203199999,238521988.03132549,440449,12873.37349300,117870221.42492930,0
2020-07-20,9208.99,9221.52,9131.0,9160.78,35458.764082,1595289599999,325297289.27265834,557096,16527.69288600,151623269.70394643,0
2020-07-21,9160.78,9437.73,9152.8,9390.0,60413.582486,1595375999999,563360524.79942825,782959,29470.51205100,274802209.58012802,0
2020-07-22,9390.0,9544.0,9261.0,9518.16,48815.004107,1595462399999,457776105.61557141,663029,23362.19379000,219166005.90788166,0
2020-07-23,9518.16,9664.0,9440.33,9603.27,51856.2335,1595548799999,494282948.73368242,735371,24461.26546800,233235064.19448092,0
2020-07-24,9603.27,9637.0,9463.44,9537.8,43931.136205,1595635199999,419240263.52182820,677725,20416.29997300,194861143.58552908,0
2020-07-25,9538.1,9732.9,9513.0,9700.42,40679.545416,1595721599999,391431695.71682177,675222,19626.60889300,188907762.75214630,0
2020-07-26,9700.42,10111.0,9650.0,9931.54,65279.269319,1595807999999,644607634.48177705,945611,33748.33180700,333445554.97564465,0
2020-07-27,9931.54,11394.86,9917.21,11029.96,150188.933144,1595894399999,1580355372.09917984,1901088,76650.61005100,806266386.38878950,0
2020-07-28,11029.96,11242.23,10565.0,10906.27,97267.734187,1595980799999,1065375500.18918874,1475636,46575.43053400,510271018.98956396,0
2020-07-29,10906.27,11342.82,10812.0,11100.53,76838.094233,1596067199999,853242253.61582377,1127302,36218.47706500,402507227.08882376,0
2020-07-30,11100.52,11170.0,10831.0,11099.61,60794.826456,1596153599999,669779541.88728343,879960,28272.69876500,311567992.00352517,0
2020-07-31,11099.79,11444.0,10960.0,11335.46,70063.660974,1596239999999,786344325.85523136,971584,34068.14336500,382632611.44135526,0
2020-08-01,11335.46,11861.0,11220.0,11801.17,85087.485126,1596326399999,987817017.31863258,1174252,40523.73352400,470714480.01113470,0
2020-08-02,11801.17,12123.46,10518.5,11071.35,97553.077604,1596412799999,1105757335.52816180,1459900,45974.78641500,521934340.83176615,0
2020-08-03,11071.36,11473.0,10936.0,11219.81,56931.841475,1596499199999,641127593.26145174,919185,27133.03513600,305554713.93730703,0
2020-08-04,11219.68,11414.98,11000.0,11191.97,58629.113709,1596585599999,658084242.67972216,863692,27861.61566100,312734273.79301878,0
2020-08-05,11191.99,11780.93,11093.0,11744.91,74970.256852,1596671999999,861433645.42443967,964637,36130.38455100,415113460.07729001,0
2020-08-06,11744.91,11900.0,11562.5,11762.46,63529.08502,1596758399999,746479211.71559485,919918,30044.20329700,353083043.84203576,0
2020-08-07,11762.47,11909.94,11322.0,11594.23,65755.926022,1596844799999,767005529.28212083,940045,29993.01871000,349862123.74910678,0
2020-08-08,11594.36,11808.27,11512.0,11761.41,41858.16104,1596931199999,489087264.36028091,779318,20448.35261800,238996465.92770352,0
2020-08-09,11761.02,11797.11,11521.97,11681.68,41493.067342,1597017599999,483708602.89638040,853386,19031.22331400,221877538.80726916,0
2020-08-10,11681.69,12067.35,11450.0,11892.92,84952.337887,1597103999999,1009169063.38321293,1340835,42058.72245500,499909664.32169164,0
2020-08-11,11892.9,11935.0,11125.0,11392.08,90748.284634,1597190399999,1049615697.13794155,1343979,41221.96100900,476990926.57705579,0
2020-08-12,11392.09,11617.52,11150.0,11564.33,64909.613644,1597276799999,743303608.09998264,1104096,30943.67211400,354308405.99191444,0
2020-08-13,11564.34,11792.96,11270.36,11780.0,70132.491502,1597363199999,809611114.21324839,1243382,34841.79060200,402381474.75042979,0
2020-08-14,11779.77,11850.0,11634.03,11760.54,59818.852697,1597449599999,702273220.69641574,1011746,28464.66955300,334192256.65110328,0
2020-08-15,11760.55,11980.0,11680.0,11852.4,56237.90505,1597535999999,667446824.06412957,1018956,27303.96632100,324138943.41775912,0
2020-08-16,11852.4,11931.72,11686.0,11911.0,41368.236906,1597622399999,489731524.63694357,790240,19342.04531200,229032803.39445427,0
2020-08-17,11910.99,12468.0,11769.78,12281.13,84734.21154,1597708799999,1026883452.89477197,1210228,42291.08619900,512410754.09037578,0
2020-08-18,12281.15,12387.77,11817.93,11945.01,75923.835527,1597795199999,920402307.17681052,1189390,35954.34997500,436020475.31834663,0
2020-08-19,11945.1,12020.08,11561.0,11754.59,73940.169606,1597881599999,870612801.52956932,1258060,34861.13596900,410547222.25978079,0
2020-08-20,11754.38,11888.0,11668.0,11853.55,46085.254351,1597967999999,543576025.04851070,798027,21992.90754100,259381062.46462872,0
2020-08-21,11853.54,11878.0,11485.81,11531.34,64448.306142,1598054399999,755451999.65409131,1189668,30531.73286600,357993659.71852440,0
2020-08-22,11531.23,11686.0,11376.81,11662.96,43678.701646,1598140799999,504305451.41086398,809328,21605.07092200,249466430.90999061,0
2020-08-23,11663.51,11718.07,11514.13,11648.13,37900.00469,1598227199999,440406018.65187866,627352,18514.62752500,215154211.01204568,0
2020-08-24,11648.12,11824.9,11585.09,11748.2,46212.391867,1598313599999,542298951.53829801,656584,22780.41948800,267322530.43232628,0
2020-08-25,11748.19,11767.85,11117.64,11318.42,69590.923272,1598399999999,797034671.64528012,996668,33126.45198000,379562265.55902560,0
2020-08-26,11318.42,11539.32,11244.0,11461.43,53998.231231,1598486399999,615452789.96733745,862654,25622.53674000,291999409.36174106,0
2020-08-27,11461.42,11592.2,11125.0,11330.38,63246.036383,1598572799999,717474981.66401255,959270,30793.18066800,349359723.85775900,0
2020-08-28,11330.38,11542.65,11276.89,11526.91,45953.908365,1598659199999,525606229.65425099,719985,21714.20285900,248344753.12808140,0
2020-08-29,11526.9,11580.02,11417.04,11465.84,32973.7992,1598745599999,379228275.27072239,611834,15709.30998500,180675288.37511048,0
2020-08-30,11465.84,11719.0,11458.0,11711.16,43177.879054,1598831999999,501375342.93503890,756541,22258.11590200,258461346.45546267,0
2020-08-31,11711.17,11800.77,11570.0,11649.51,55353.617744,1598918399999,646723855.57145354,822062,26579.94028400,310534861.61639537,0
2020-09-01,11649.51,12050.85,11515.0,11921.97,78148.193668,1599004799999,928047313.48896665,1321492,37476.01938200,444996773.66832210,0
2020-09-02,11921.97,11954.57,11160.1,11388.54,87221.845602,1599091199999,1005391012.13387515,1373524,39972.30988700,460939443.22481512,0
2020-09-03,11388.54,11462.6,9960.8,10140.85,121950.106015,1599177599999,1325106403.31586748,1611610,54266.83286000,590230451.11230783,0
2020-09-04,10138.29,10627.05,9875.5,10446.25,92733.599113,1599263999999,959925718.35127546,1434860,42707.83466600,442163704.19721961,0
2020-09-05,10446.25,10565.68,9825.0,10166.69,90001.605568,1599350399999,917578408.87611822,1476782,43478.13232300,443342852.18707489,0
2020-09-06,10166.69,10347.14,9994.86,10256.2,56368.788815,1599436799999,574903000.23517457,1053192,28033.43882700,285904912.75096270,0
2020-09-07,10255.89,10410.75,9875.0,10373.44,62620.230676,1599523199999,634278537.81510948,927363,30576.70067300,309796338.54525116,0
2020-09-08,10373.45,10438.0,9850.0,10126.65,73491.878418,1599609599999,742947901.97123937,1048125,34410.81447000,348048428.88372554,0
2020-09-09,10126.66,10343.0,9981.01,10219.2,49347.113776,1599695999999,503082625.21479094,755560,23815.41242700,242759702.91500349,0
2020-09-10,10219.29,10483.35,10070.83,10336.87,58253.75375,1599782399999,602390078.49228073,851877,27690.11249800,286362452.83931564,0
2020-09-11,10336.86,10397.6,10200.0,10387.89,43830.254467,1599868799999,451241002.66033623,637869,21231.61072700,218592078.02890880,0
2020-09-12,10387.89,10477.97,10269.25,10440.92,35379.153096,1599955199999,366912671.44372690,577724,17560.76888500,182148657.45690611,0
2020-09-13,10440.67,10580.11,10200.0,10332.83,43837.609865,1600041599999,455338605.32914889,692439,20785.51732800,215965189.31612750,0
2020-09-14,10332.84,10750.0,10212.34,10671.77,67059.291361,1600127999999,706175591.38661278,828957,31880.36315700,335719021.03890433,0
2020-09-15,10671.77,10930.04,10606.48,10785.31,61822.452786,1600214399999,666457161.14913774,893852,29744.08727700,320640236.40587628,0
2020-09-16,10785.23,11093.0,10661.22,10954.01,64991.51244,1600300799999,708644989.48306988,884153,31740.51169100,346117690.57309232,0
2020-09-17,10954.01,11045.46,10745.83,10939.99,55601.614529,1600387199999,605010288.77992461,829137,27029.92703500,294147097.61187047,0
2020-09-18,10940.0,11038.03,10812.84,10933.39,47266.728275,1600473599999,516147935.66922837,717371,23044.91988600,251654627.23674528,0
2020-09-19,10933.4,11179.79,10887.37,11080.65,38440.036858,1600559999999,423651901.15773042,620127,19923.05926700,219623766.31297809,0
2020-09-20,11080.64,11080.64,10723.0,10920.28,39157.922565,1600646399999,426815210.75551225,646329,19437.69436300,211845335.51564800,0
2020-09-21,10920.28,10988.86,10296.35,10417.22,70683.431179,1600732799999,751020795.23588369,1028531,33628.93058900,357346575.16901842,0
2020-09-22,10417.22,10572.71,10353.0,10529.61,43991.235476,1600819199999,460362500.72840808,738576,21497.46158900,224981251.32868055,0
2020-09-23,10529.61,10537.15,10136.82,10241.46,51876.568079,1600905599999,539362015.15746196,774391,25012.70681900,260045385.65157037,0
2020-09-24,10241.46,10795.24,10190.93,10736.32,57676.619427,1600991999999,604520870.05563795,789282,27946.80432500,292936072.98704616,0
2020-09-25,10736.33,10760.53,10556.24,10686.67,48101.117008,1601078399999,512647249.14932008,733430,23566.33033700,251168863.92711731,0
2020-09-26,10686.57,10820.94,10644.68,10728.6,28420.836659,1601164799999,304511477.68085537,502670,14314.53134500,153391173.49799378,0
2020-09-27,10728.59,10799.0,10594.82,10774.25,30549.483253,1601251199999,327169249.45499568,516004,15101.03977000,161737536.90897186,0
2020-09-28,10774.26,10950.0,10626.0,10696.12,50095.251734,1601337599999,544463219.59780924,686664,25219.07331500,274111924.66132492,0
2020-09-29,10696.11,10867.54,10635.87,10840.48,41874.898399,1601423999999,449345822.46022889,587576,19896.07620900,213544159.85659414,0
2020-09-30,10840.58,10849.34,10665.13,10776.59,39596.027322,1601510399999,425279696.28526338,595383,18712.05971100,200976719.44085080,0
2020-10-01,10776.59,10920.0,10437.0,10619.13,60866.332893,1601596799999,652168989.46173484,794855,28449.97510300,304779535.38197477,0
2020-10-02,10619.13,10664.64,10374.0,10570.4,50130.393705,1601683199999,526864379.30936534,777193,24123.90254500,253507685.50358702,0
2020-10-03,10570.4,10603.56,10496.46,10542.06,22298.221341,1601769599999,235160884.60853616,381329,10752.46288200,113392722.76217199,0
2020-10-04,10542.07,10696.87,10517.87,10666.63,23212.001595,1601855999999,246252050.90681072,377553,12123.27565000,128619845.13152086,0
2020-10-05,10666.62,10798.0,10615.64,10792.21,34025.761653,1601942399999,364158510.23798056,483340,15551.58438700,166457546.86846151,0
2020-10-06,10792.2,10800.0,10525.0,10599.66,48674.740471,1602028799999,520051256.08219917,734526,23189.68990000,247740447.63670599,0
2020-10-07,10599.65,10681.87,10546.17,10666.39,32811.990279,1602115199999,348298562.85686264,503440,15783.35568400,167548410.82933536,0
2020-10-08,10666.4,10950.0,10530.41,10925.57,51959.691572,1602201599999,559311760.44148029,659291,26482.59952900,285240420.95776404,0
2020-10-09,10925.44,11104.64,10829.0,11050.64,48240.073237,1602287999999,530822321.51623468,635681,25658.63139600,282409996.00931151,0
2020-10-10,11050.64,11491.0,11050.51,11293.22,43648.036943,1602374399999,494785212.23087354,698561,22807.20465100,258432465.79040960,0
2020-10-11,11293.22,11445.0,11221.0,11369.02,29043.851339,1602460799999,329927755.03808506,509714,14470.44426900,164384653.13411286,0
2020-10-12,11369.02,11720.01,11172.0,11528.25,52825.28371,1602547199999,604779845.79201771,740823,26865.92932100,307665447.33923441,0
2020-10-13,11528.24,11557.0,11300.0,11420.56,42205.283709,1602633599999,482663390.72403579,618262,19346.15860500,221257357.56527471,0
2020-10-14,11420.57,11547.98,11280.0,11417.89,41415.106015,1602719999999,472007015.72093425,590025,19070.05730700,217375960.31094741,0
2020-10-15,11417.89,11617.34,11250.83,11505.12,48760.717679,1602806399999,556436445.55762819,662386,24019.23766900,274171016.90668138,0
2020-10-16,11505.13,11541.15,11200.0,11319.32,48797.749502,1602892799999,553211001.61225689,693210,22821.59348400,258752919.33224074,0
2020-10-17,11319.24,11402.42,11255.0,11360.2,22368.915241,1602979199999,253582775.96265448,365973,10318.02461400,116996094.14462668,0
2020-10-18,11360.31,11505.0,11346.22,11503.14,23284.041191,1603065599999,266150824.34809863,346946,12396.12709900,141743879.12841902,0
2020-10-19,11503.14,11823.99,11407.96,11751.47,47414.534692,1603151999999,550728683.79927939,650960,24716.39513600,287236347.54906069,0
2020-10-20,11751.46,12038.38,11677.59,11909.99,62134.750663,1603238399999,737425592.08197176,906111,31911.70883200,378905888.96006281,0
2020-10-21,11910.0,13217.68,11886.95,12780.96,114584.456767,1603324799999,1437122186.63399548,1453620,59033.67175600,740274649.28079579,0
2020-10-22,12780.75,13185.0,12678.08,12968.52,70038.824144,1603411199999,905778888.87029065,1035811,33259.49504400,430203750.01892518,0
2020-10-23,12968.84,13027.69,12720.08,12923.07,50386.999841,1603497599999,650680239.11014686,699313,24685.92549500,318827712.19820076,0
2020-10-24,12923.06,13166.73,12870.0,13111.73,35952.20907,1603583999999,468299521.76966531,536821,18382.74457900,239455378.09125662,0
2020-10-25,13111.73,13350.0,12888.0,13028.83,38481.579504,1603670399999,502672049.22905163,610498,17988.76710000,235115943.82713218,0
2020-10-26,13029.64,13238.81,12765.0,13052.19,60951.672986,1603756799999,794395722.45334551,818144,29609.99469800,385986654.65788211,0
2020-10-27,13052.15,13789.29,13019.87,13636.17,80796.553996,1603843199999,1085214437.75111358,1003550,39833.62658600,534892605.74526497,0
2020-10-28,13636.16,13859.48,12888.0,13266.4,94440.561226,1603929599999,1263487952.99515693,1234511,43387.69227500,580505216.87260939,0
2020-10-29,13266.4,13642.91,12920.77,13455.7,74872.602132,1604015999999,997867948.86097431,1008433,37203.24565800,495772429.35476798,0
2020-10-30,13455.69,13669.98,13115.0,13560.1,70657.778881,1604102399999,946818817.55750918,1060387,34438.58889000,461667557.39357111,0
2020-10-31,13560.1,14100.0,13411.5,13791.0,67339.238515,1604188799999,927048458.54236180,1022202,35823.22565000,493309455.83898129,0
2020-11-01,13791.0,13895.0,13603.0,13761.5,36285.648526,1604275199999,499124369.07532642,606248,17839.54476000,245432626.61531792,0
2020-11-02,13761.49,13830.0,13195.05,13549.37,64566.421908,1604361599999,873629993.83139279,869850,29243.23366400,395698601.61694086,0
2020-11-03,13549.63,14066.11,13284.99,14023.53,74115.630787,1604447999999,1009402087.71046155,1052569,38332.71333000,522431362.88788262,0
2020-11-04,14023.53,14259.0,13525.0,14144.01,93016.988262,1604534399999,1293872665.41796188,1212959,45333.66159600,630831907.07329258,0
2020-11-05,14144.01,15750.0,14093.56,15590.02,143741.522673,1604620799999,2131865609.29089107,1736055,72196.12711800,1071067716.59486903,0
2020-11-06,15590.02,15960.0,15166.0,15579.92,122618.197695,1604707199999,1909660728.82292043,1654968,58528.76053300,911733812.27929558,0
2020-11-07,15579.93,15753.52,14344.22,14818.3,101431.206553,1604793599999,1536510177.09147370,1557021,46204.87062100,700220031.30034720,0
2020-11-08,14818.3,15650.0,14703.88,15475.1,65547.178574,1604879999999,998031373.83978030,998773,31175.66089200,474978556.38937917,0
2020-11-09,15475.1,15840.0,14805.54,15328.41,108976.334134,1604966399999,1670447935.51417895,1505441,51350.44664100,787324390.76709841,0
2020-11-10,15328.41,15460.0,15072.46,15297.21,61681.919606,1605052799999,943615126.08915049,1093466,28945.76656700,442891690.01260021,0
2020-11-11,15297.21,15965.0,15272.68,15684.24,78469.746458,1605139199999,1226425496.36185528,1247167,40030.00217300,625865373.37834106,0
2020-11-12,15684.25,16340.7,15440.64,16291.86,102196.356592,1605225599999,1628755508.67419840,1472049,50444.97887400,804204066.43862830,0
2020-11-13,16291.85,16480.0,15952.35,16320.7,75691.881014,1605311999999,1230358611.12488923,1208773,35301.73094000,574048021.73652388,0
2020-11-14,16320.04,16326.99,15670.0,16070.45,59116.347179,1605398399999,944765868.60941899,931424,27724.76780100,443001467.22337944,0
2020-11-15,16069.56,16180.0,15774.72,15957.0,43596.841513,1605484799999,696651729.74525343,854441,20853.27084600,333239080.64181383,0
2020-11-16,15957.0,16880.0,15864.0,16713.57,81300.675924,1605571199999,1335728013.90576045,1202386,41370.21365900,679593360.64957386,0
2020-11-17,16713.08,17858.82,16538.0,17659.38,115221.403102,1605657599999,1982752071.45051193,1646652,58262.06259700,1003081009.61604291,0
2020-11-18,17659.38,18476.93,17214.45,17776.12,149019.788134,1605743999999,2663337935.50029849,2091832,73412.73627800,1312369471.65248184,0
2020-11-19,17777.75,18179.8,17335.65,17802.82,93009.561008,1605830399999,1656794228.85376354,1513304,45376.57785100,808306886.97419079,0
2020-11-20,17802.81,18815.22,17740.04,18655.67,88423.018489,1605916799999,1623135138.59107146,1444692,43549.51207000,799574963.80587161,0
2020-11-21,18655.66,18965.9,18308.58,18703.8,75577.458394,1606003199999,1413641591.28417115,1451352,36788.09469300,688352207.11315332,0
2020-11-22,18703.8,18750.0,17610.86,18414.43,81645.737778,1606089599999,1497662550.05404281,1528524,39164.42638000,718709271.13717676,0
2020-11-23,18413.88,18766.0,18000.0,18368.0,82961.506093,1606175999999,1529064319.66944352,1629379,39611.36061700,730350629.71705125,0
2020-11-24,18368.01,19418.97,18018.0,19160.01,113581.509241,1606262399999,2145301450.45794128,2179862,58179.20088200,1098976481.12570495,0
2020-11-25,19160.0,19484.21,18500.27,18719.11,93266.576887,1606348799999,1774870796.28823277,1785408,44575.07675800,848724583.33005267,0
2020-11-26,18718.83,18915.03,16188.0,17149.47,181005.246693,1606435199999,3127314143.10457491,2770483,84478.80913100,1459155975.95315027,0
2020-11-27,17149.47,17457.62,16438.08,17139.52,85297.024787,1606521599999,1446670351.43508800,1572299,42507.35843300,720985570.34073767,0
2020-11-28,17139.53,17880.49,16865.56,17719.85,64910.69997,1606607999999,1128061605.10722507,1209385,31785.70689800,552044705.36061018,0
2020-11-29,17719.84,18360.05,17517.0,18184.99,55329.016303,1606694399999,996743798.86492166,1141289,27883.98529600,502287686.11938401,0
2020-11-30,18185.0,19863.16,18184.99,19695.87,115463.466888,1606780799999,2205929119.50533619,1744149,61033.41490300,1166943549.18424454,0
2020-12-01,19695.87,19888.0,18001.12,18764.96,127698.762652,1606867199999,2446070334.82879867,2023802,63805.39289800,1223282816.31921670,0
2020-12-02,18764.96,19342.0,18330.0,19204.09,75911.013478,1606953599999,1436895344.82594950,1566635,36421.69039800,689901298.57006888,0
2020-12-03,19204.08,19598.0,18867.2,19421.9,66689.391279,1607039999999,1286548310.82670579,1242229,33868.34169800,653783366.90459527,0
2020-12-04,19422.34,19527.0,18565.31,18650.52,71283.6682,1607126399999,1358079975.02549805,1286657,32363.45371500,616745259.31451114,0
2020-12-05,18650.51,18880.0,18500.0,18821.28,11499.168836,1607212799999,215191744.99943612,226324,5368.27110700,100477058.65544183,0
