Date,Open,High,Low,Close,Volume,close_time,volumes,orders,buy,sell,other
2020-02-21,256.97,268.24,253.61,265.27,525827.8734,1582329599999,137848242.42793050,214306,269791.13743000,70748990.19707250,0
2020-02-22,265.32,266.81,256.0,261.57,313062.52133,1582415999999,81781388.31935340,136810,156822.35067000,40974857.93911700,0
2020-02-23,261.55,275.68,261.02,274.48,444740.82883,1582502399999,120024058.97196630,178464,225478.68725000,60845374.19844940,0
2020-02-24,274.5,277.2,257.09,265.52,696591.72983,1582588799999,185949182.70858070,263161,330793.92829000,88287487.18652770,0
2020-02-25,265.47,266.22,244.44,246.67,774791.01027,1582675199999,197442911.54473170,277457,381947.38852000,97346482.22595150,0
2020-02-26,246.67,250.32,215.66,223.93,1395879.41507,1582761599999,324229460.62116020,454355,656347.55839000,152612432.44475370,0
2020-02-27,223.98,238.3,210.0,227.79,1273793.11658,1582847999999,287322727.29672570,415969,627806.95842000,141632481.67214530,0
2020-02-28,227.73,234.67,214.01,226.76,1054994.92397,1582934399999,236064804.33459430,347125,510185.33752000,114271376.01220230,0
2020-02-29,226.76,233.0,217.0,217.21,546866.6851,1583020799999,123635801.01782530,211771,276266.12871000,62479741.17673970,0
2020-03-01,217.29,227.89,212.36,217.81,715016.01941,1583107199999,157064953.84227790,265577,360047.11333000,79085739.01183300,0
2020-03-02,217.81,234.4,216.07,231.97,810051.4833,1583193599999,182948651.67645310,258680,402597.52232000,90992396.71547610,0
2020-03-03,232.1,232.46,219.57,223.91,741498.54825,1583279999999,168090325.53879240,253103,370933.36958000,84105282.69583100,0
2020-03-04,223.84,228.85,220.23,224.26,443780.33772,1583366399999,99650220.54162080,167247,218963.33645000,49186332.76661420,0
2020-03-05,224.26,234.09,224.23,228.38,601479.87587,1583452799999,138081898.28666810,227242,297495.35318000,68301116.79467770,0
2020-03-06,228.38,245.16,227.33,244.88,628147.3257,1583539199999,148563741.83299240,234091,328731.56561000,77799831.59926970,0
2020-03-07,244.93,251.93,236.0,237.23,633748.89662,1583625599999,154037325.61130680,238113,311459.94084000,75736818.09643840,0
2020-03-08,237.23,237.23,195.5,199.43,1278973.53741,1583711999999,277970187.86826010,412787,591086.61596000,128602756.90604900,0
2020-03-09,199.43,208.62,190.0,202.81,1661331.83553,1583798399999,332570408.53515290,473504,822023.18618000,164639631.82315350,0
2020-03-10,202.79,206.2,195.54,200.7,1020260.107,1583884799999,205536190.19393920,332398,501745.90774000,101099251.53024810,0
2020-03-11,200.74,203.18,181.73,194.61,1079824.90167,1583971199999,208232375.18620150,344156,539239.29222000,104024026.91909340,0
2020-03-12,194.61,195.55,101.2,107.82,3814533.14046,1584057599999,548668262.23472350,937284,1810764.23167000,260692153.17482450,0
2020-03-13,107.67,139.68,86.0,134.06,4663239.92861,1584143999999,560710331.84217540,1199923,2314458.37004000,278488985.95526650,0
2020-03-14,134.06,134.68,120.0,122.54,1237674.88642,1584230399999,159192895.55261970,398146,628481.86635000,80877487.98928390,0
2020-03-15,122.54,133.5,120.16,123.78,1312950.90137,1584316799999,163436235.26909020,346579,669525.68240000,83359166.35016240,0
2020-03-16,123.82,124.33,101.1,111.02,2442064.14448,1584403199999,270353891.80500360,663277,1191735.45431000,131882551.29453890,0
2020-03-17,111.02,120.8,109.38,115.67,1295108.4848,1584489599999,150800664.07195460,378258,654284.35784000,76179202.04303240,0
2020-03-18,115.67,118.5,109.86,118.11,1201850.31275,1584575999999,137550912.08551710,346312,604214.46019000,69185743.99493410,0
2020-03-19,118.11,143.13,115.46,136.3,1801071.18816,1584662399999,231626928.16070490,489147,904222.90527000,116437845.40569180,0
2020-03-20,136.3,152.55,116.74,133.48,2504057.63799,1584748799999,345856006.74779890,707216,1240999.35166000,171579646.80308030,0
2020-03-21,133.49,137.49,125.69,132.66,1231842.11121,1584835199999,162468451.77231490,401288,607735.22807000,80144362.79303360,0
2020-03-22,132.63,137.13,121.1,122.32,1055699.86532,1584921599999,135927941.07951970,337273,533153.20327000,68650481.21682690,0
2020-03-23,122.31,137.5,119.5,135.92,1436796.12449,1585007999999,184851609.12426900,416820,738648.10253000,95088118.66894010,0
2020-03-24,135.89,143.36,132.2,138.42,1244377.16334,1585094399999,171156363.69230240,381573,627879.32436000,86383070.30653970,0
2020-03-25,138.42,142.33,132.54,136.1,1034248.74369,1585180799999,141795323.02687100,317580,512056.56415000,70208229.99513950,0
2020-03-26,136.11,139.74,133.26,138.4,751060.63102,1585267199999,101918769.67229330,248508,380709.15691000,51679665.33863590,0
2020-03-27,138.4,141.27,129.68,131.33,706948.54559,1585353599999,96581886.87894690,224835,340830.61973000,46615645.76174940,0
2020-03-28,131.33,132.97,124.88,130.98,896032.10594,1585439999999,115166651.97007420,274768,441256.50002000,56744425.26570820,0
2020-03-29,130.94,131.84,123.81,124.5,543997.0,1585526399999,69434202.20547170,182914,248597.98141000,31762471.02345850,0
2020-03-30,124.47,135.42,124.06,132.06,764831.92747,1585612799999,100271145.86256300,241576,392536.46962000,51471681.57962200,0
2020-03-31,132.09,135.0,130.38,132.72,547669.27789,1585699199999,72618183.48059540,172692,270347.28434000,35849972.62833730,0
2020-04-01,132.72,136.99,128.62,135.69,680922.24747,1585785599999,90063924.23039740,199637,324454.19164000,42946394.47652280,0
2020-04-02,135.65,149.76,135.01,141.28,1138977.66114,1585871999999,159989506.60494540,314519,578693.19522000,81265956.91314490,0
2020-04-03,141.27,146.72,137.26,141.31,797546.11446,1585958399999,113731706.71499980,239800,377394.13095000,53851773.63059670,0
2020-04-04,141.3,146.28,138.88,144.1,573508.14086,1586044799999,81640622.82843230,178768,292547.08055000,41667692.34584250,0
2020-04-05,144.1,145.58,140.68,142.68,414987.45246,1586131199999,59383946.12744140,134223,205853.93595000,29454884.73752670,0
2020-04-06,142.69,172.0,142.6,171.32,1636338.7311,1586217599999,257097597.78387530,432858,839620.34479000,131930482.84646460,0
2020-04-07,171.32,176.22,162.22,164.63,1717962.82538,1586303999999,292710722.58224840,446557,854069.17522000,145531653.92763160,0
2020-04-08,164.62,174.48,163.59,173.11,1023575.92076,1586390399999,173916484.78615510,287799,511443.62149000,86963287.60141520,0
2020-04-09,173.15,173.38,165.19,169.52,719837.24423,1586476799999,122531131.95595830,212541,356967.49573000,60787119.84138850,0
2020-04-10,169.56,170.1,152.11,157.81,1314841.362,1586563199999,209535613.32367140,323430,623128.08335000,99285405.30938550,0
2020-04-11,157.81,161.37,153.91,158.33,621599.61289,1586649599999,98275533.06263670,168046,313112.58332000,49512383.08581670,0
2020-04-12,158.33,164.78,155.0,158.59,809100.24594,1586735999999,129919934.44376530,223429,396232.44593000,63624893.23050370,0
2020-04-13,158.56,158.97,150.0,156.29,1042091.03622,1586822399999,160423270.30371500,255965,519763.88357000,80051376.52875040,0
2020-04-14,156.28,161.85,155.23,158.45,698030.65089,1586908799999,110710086.10400900,178490,343955.51426000,54564372.10918630,0
2020-04-15,158.46,161.29,152.0,152.73,729119.66505,1586995199999,114640840.11551650,186226,347034.48291000,54594699.03576640,0
2020-04-16,152.74,174.79,148.33,172.29,1647207.59991,1587081599999,273639160.06938750,389854,830355.78324000,137897793.15056740,0
2020-04-17,172.31,174.96,168.31,170.69,723537.75591,1587167999999,123553456.31967860,191289,352005.34180000,60121889.86467380,0
2020-04-18,170.61,189.54,170.48,187.4,1127296.36979,1587254399999,203132211.95640910,286172,569708.87703000,102696714.57128610,0
2020-04-19,187.4,188.35,175.75,180.03,995759.5775,1587340799999,181415813.50269480,270668,478833.69271000,87227250.30026600,0
2020-04-20,180.02,186.46,166.7,170.2,1547821.52737,1587427199999,273854539.80380100,365589,745586.67414000,131918687.66076710,0
2020-04-21,170.21,174.7,168.0,170.74,906381.65398,1587513599999,155292048.43579020,228262,454400.78888000,77856857.48694720,0
2020-04-22,170.73,184.0,169.78,182.7,988698.39076,1587599999999,176079076.92749950,246896,488185.26353000,86960811.93958360,0
2020-04-23,182.7,193.63,178.16,185.51,1457867.08713,1587686399999,270862911.36856540,363772,719694.31692000,133791885.01731330,0
2020-04-24,185.57,189.8,184.72,187.59,780904.21257,1587772799999,146419748.08164820,222074,368634.10604000,69133236.24006010,0
2020-04-25,187.6,198.36,185.76,194.21,866478.04928,1587859199999,167703202.42505130,244755,438541.85997000,84884022.53154650,0
2020-04-26,194.21,200.0,192.3,197.38,758525.81533,1587945599999,148433709.77718670,228826,383155.46184000,74997367.32236560,0
2020-04-27,197.39,199.05,189.29,196.34,896627.37271,1588031999999,174775637.92727570,238341,426083.00347000,83095117.55550340,0
2020-04-28,196.33,198.5,192.36,196.24,636829.89397,1588118399999,124476041.88938340,183819,324710.24289000,63499045.65033740,0
2020-04-29,196.24,218.77,196.22,215.36,1620422.72431,1588204799999,338324593.63729170,445147,817195.35504000,170664754.30895850,0
2020-04-30,215.4,227.3,202.0,206.08,1749691.00151,1588291199999,374893029.77430840,557268,840566.78901000,180276410.99706310,0
2020-05-01,206.07,217.14,205.91,212.02,794913.95828,1588377599999,168339123.35791390,291365,389989.76909000,82585993.16044210,0
2020-05-02,212.01,215.37,210.36,213.9,443494.67248,1588463999999,94389501.51781640,185802,225155.58197000,47928012.23135540,0
2020-05-03,213.89,219.3,203.92,209.86,748383.91311,1588550399999,158874887.07834110,268841,354161.96792000,75207830.89534740,0
2020-05-04,209.86,210.65,194.88,206.48,1114249.32658,1588636799999,225451167.65536830,349701,553422.13712000,111948053.08533100,0
2020-05-05,206.47,211.68,201.0,205.29,640644.66268,1588723199999,131906204.90781300,246124,310794.78031000,64025329.18628990,0
2020-05-06,205.3,210.77,197.71,198.97,862700.67849,1588809599999,178157452.60084120,271299,411115.12204000,84998478.60793140,0
2020-05-07,198.92,215.1,196.43,212.0,1305778.73764,1588895999999,271197927.66502780,380313,660789.67892000,137272634.80833200,0
2020-05-08,212.01,216.61,206.9,211.31,917908.1944,1588982399999,194579529.42776330,262122,445600.39696000,94465691.13477140,0
2020-05-09,211.32,214.6,208.4,210.07,587871.98073,1589068799999,124626471.42703530,194059,292187.26718000,61966403.94492970,0
2020-05-10,210.09,210.18,179.59,187.54,1473226.05475,1589155199999,278394290.75973460,426358,694788.42914000,131143494.26749300,0
2020-05-11,187.62,193.5,176.0,185.73,1093299.81927,1589241599999,203391530.20617390,303669,529158.74668000,98465728.22507510,0
2020-05-12,185.8,192.24,185.48,189.76,669755.79567,1589327999999,126810812.16817080,193978,336075.30552000,63647040.81413890,0
2020-05-13,189.77,201.0,188.35,199.58,806143.00704,1589414399999,156637596.36492460,212710,410843.35618000,79791107.72434880,0
2020-05-14,199.61,206.02,195.67,203.29,1114700.24937,1589500799999,224233786.12670990,285245,557166.15035000,112099049.73738440,0
2020-05-15,203.29,204.08,191.66,194.86,904749.6357,1589587199999,179634085.62276920,230721,437768.77270000,86944450.76006710,0
2020-05-16,194.87,203.5,193.21,200.45,669900.03754,1589673599999,134060788.49418390,174447,343539.34568000,68751336.84186420,0
2020-05-17,200.44,209.85,199.68,207.0,708711.89315,1589759999999,145341278.68135490,180088,369150.31059000,75677871.47041410,0
2020-05-18,207.02,217.07,207.0,214.91,1064139.2485,1589846399999,226789027.15008040,249528,538438.67639000,114784967.15147500,0
2020-05-19,214.92,215.95,209.45,214.58,643702.98849,1589932799999,136846948.55680560,186027,319009.59630000,67835348.16258670,0
2020-05-20,214.6,215.75,204.27,209.98,679532.61037,1590019199999,143704806.17524080,195172,330890.78825000,70009379.65600590,0
2020-05-21,209.99,211.64,191.71,198.74,1003923.4342,1590105599999,203445710.96284490,258415,479372.00860000,97136468.80798330,0
2020-05-22,198.72,209.19,196.24,207.36,787672.36081,1590191999999,159972608.53416610,217659,399523.04157000,81120762.57728450,0
2020-05-23,207.36,211.2,204.55,206.6,478559.92006,1590278399999,99461068.10466470,150729,237372.30187000,49341950.41533750,0
2020-05-24,206.6,210.55,199.5,199.9,673535.05784,1590364799999,138917619.23362070,204534,324023.32350000,66890503.37754660,0
2020-05-25,199.9,205.67,198.01,204.15,469931.62492,1590451199999,95411610.79763470,171792,243595.47559000,49464529.60504250,0
2020-05-26,204.22,205.0,196.9,200.89,477176.7353,1590537599999,96116808.85809130,167702,233833.77929000,47132325.29336320,0
2020-05-27,200.92,208.44,200.76,208.29,494816.72727,1590623999999,101445351.02566320,167619,252824.22653000,51832733.59846020,0
2020-05-28,208.29,220.5,204.67,220.21,643945.97769,1590710399999,136361627.34641550,219160,352366.88360000,74663823.75714590,0
2020-05-29,220.24,224.79,217.57,220.67,603058.0759,1590796799999,133220045.49547060,217959,301826.51829000,66680504.40036720,0
2020-05-30,220.63,247.0,218.8,243.66,1019550.75146,1590883199999,238678839.80930440,341862,511425.44765000,119730479.77167950,0
2020-05-31,243.71,245.39,229.58,231.57,821608.68884,1590969599999,194867426.29418620,320066,381831.06077000,90551397.67858910,0
2020-06-01,231.56,250.68,230.66,248.23,823816.69936,1591055999999,198791911.84704420,318497,426075.31776000,102865011.74578850,0
2020-06-02,248.23,253.8,225.0,237.71,955520.91863,1591142399999,230680327.30929150,355417,462682.15945000,111744961.57192750,0
2020-06-03,237.71,245.0,232.71,244.52,502928.13371,1591228799999,120179301.17898640,213792,259904.04578000,62129185.47385130,0
2020-06-04,244.54,246.6,236.0,243.21,669369.3392,1591315199999,162460397.62767410,253226,332175.55769000,80659519.34918510,0
2020-06-05,243.22,247.87,239.14,240.03,502547.41103,1591401599999,122084004.51697550,205337,242309.99059000,58916816.25847680,0
2020-06-06,240.04,244.7,237.83,241.94,389423.07798,1591487999999,93979350.81263390,161709,198723.53956000,47973780.54283710,0
2020-06-07,241.94,245.37,234.6,244.56,571102.55515,1591574399999,137165732.64761660,226478,285159.65388000,68517428.42271850,0
2020-06-08,244.57,247.7,240.59,246.4,383116.54719,1591660799999,93355224.96830870,159981,193451.07601000,47159340.96864370,0
2020-06-09,246.37,249.82,238.0,243.8,420327.17133,1591747199999,102374504.57389720,185974,202641.07177000,49369436.33086970,0
2020-06-10,243.79,250.28,242.0,247.78,431285.61715,1591833599999,105797248.24742570,185330,221305.11120000,54322143.50039510,0
2020-06-11,247.78,250.09,226.2,230.51,816456.89161,1591919999999,195063781.27644910,312655,373492.34304000,89279896.48515260,0
2020-06-12,230.46,239.38,228.19,237.55,446515.34124,1592006399999,105069425.09010670,181977,224589.29616000,52877894.61382670,0
2020-06-13,237.55,238.73,234.66,238.11,253797.7809,1592092799999,60087772.65246530,134555,126898.09775000,30052109.58823630,0
2020-06-14,238.13,238.59,229.83,231.77,304943.21188,1592179199999,71575514.08027260,158093,150190.06138000,35264141.20722390,0
2020-06-15,231.74,233.55,218.27,230.86,875026.92057,1592265599999,197907504.77877360,308126,410989.99093000,92965284.36529640,0
2020-06-16,230.86,236.0,228.7,235.3,499194.66758,1592351999999,116456364.23126830,188136,252188.71079000,58831595.30783300,0
2020-06-17,235.31,237.3,227.65,233.82,478187.2917,1592438399999,111415059.05626230,189653,232960.69025000,54288236.15848750,0
2020-06-18,233.82,234.65,227.93,231.27,334347.79917,1592524799999,77542070.33327090,145815,157912.89857000,36639257.02317530,0
2020-06-19,231.26,231.95,226.74,229.0,397284.59808,1592611199999,91117706.15513940,160682,196717.52384000,45127258.00693490,0
2020-06-20,229.0,230.85,225.62,228.89,303704.98826,1592697599999,69343699.90954830,129778,146807.30372000,33536648.02595340,0
2020-06-21,228.88,231.49,227.11,228.04,256305.23734,1592783999999,58868166.50610440,109238,133367.32601000,30640576.93127720,0
2020-06-22,228.03,246.89,227.51,243.13,749030.11114,1592870399999,178707156.18931390,256688,381685.54634000,91072958.54464900,0
2020-06-23,243.11,244.87,240.75,243.14,442296.31477,1592956799999,107457002.52462460,172649,224811.21947000,54630829.05815690,0
2020-06-24,243.15,249.24,231.07,234.58,921634.0534,1593043199999,220763040.43374940,289888,447817.33625000,107284767.04106830,0
2020-06-25,234.57,235.39,227.56,232.5,613748.59348,1593129599999,142697463.38010440,192323,312667.90698000,72711629.98470680,0
2020-06-26,232.49,233.61,227.75,229.64,628340.07007,1593215999999,144805505.19158240,192182,313069.39625000,72145517.98801950,0
2020-06-27,229.66,231.42,216.0,220.94,645950.61438,1593302399999,145264632.26381920,207051,299265.01724000,67274910.29012350,0
2020-06-28,220.94,227.96,218.32,224.93,444766.56881,1593388799999,99423540.13931940,144728,236280.14760000,52806921.84877780,0
2020-06-29,224.89,229.96,221.26,227.93,597915.52242,1593475199999,134510531.19766730,183558,305421.87340000,68753130.26515030,0
2020-06-30,227.98,228.7,222.91,225.6,415036.02977,1593561599999,93802207.27357360,143612,202532.74647000,45764408.12825810,0
2020-07-01,225.59,232.71,224.16,230.99,517351.58865,1593647999999,118322932.85495730,176455,265707.94626000,60770218.92015320,0
2020-07-02,230.99,232.01,222.87,226.46,592485.91115,1593734399999,134976975.12319700,210294,282313.90134000,64320519.48114850,0
2020-07-03,226.46,228.13,223.97,224.87,314578.5004,1593820799999,71286978.50356750,139167,153734.92210000,34844388.69190400,0
2020-07-04,224.86,230.71,224.43,229.17,307726.46593,1593907199999,69899468.27991880,134338,156161.48084000,35487540.26136240,0
2020-07-05,229.24,229.85,223.05,227.56,355747.12006,1593993599999,80528660.61919430,152077,173480.66716000,39276422.84701000,0
2020-07-06,227.54,242.0,226.93,241.6,864817.507,1594079999999,203334727.85013950,268187,443659.99767000,104363380.05687420,0
2020-07-07,241.6,243.77,234.4,239.39,600424.97209,1594166399999,143122828.37511880,213589,293523.48727000,69992123.93622460,0
2020-07-08,239.39,248.88,237.78,246.95,958185.83708,1594252799999,233460700.75518140,309582,472779.31973000,115197139.73159900,0
2020-07-09,246.94,247.9,237.88,241.98,647641.58291,1594339199999,157541370.00481820,243580,313999.27569000,76404395.94395800,0
2020-07-10,241.97,242.16,235.72,241.26,455025.12385,1594425599999,108806462.46509650,181124,234086.96963000,55969388.91838720,0
2020-07-11,241.27,241.67,237.54,239.19,294476.00626,1594511999999,70548557.67783910,140265,144264.75794000,34563855.77462440,0
2020-07-12,239.19,244.0,236.52,242.79,469315.1172,1594598399999,112487552.43401240,201729,238720.16445000,57233192.42448630,0
2020-07-13,242.76,245.33,237.33,239.5,604093.04245,1594684799999,146193291.91067610,240032,304677.24908000,73761164.95613980,0
2020-07-14,239.5,242.09,237.0,240.44,426320.89188,1594771199999,102105027.13193080,172704,212486.68184000,50895173.69127610,0
2020-07-15,240.45,241.45,236.83,238.61,368350.66518,1594857599999,88059682.48343640,154984,178198.01400000,42606335.48394350,0
2020-07-16,238.59,239.39,230.02,233.57,587161.73894,1594943999999,137208323.20157330,222138,284514.03969000,66475192.08183000,0
2020-07-17,233.58,234.84,231.65,232.67,325600.21444,1595030399999,75931058.42265300,149088,159858.08306000,37286020.32295110,0
2020-07-18,232.66,236.8,232.32,235.67,341356.6182,1595116799999,80046747.83223330,136494,168653.68252000,39557475.70548810,0
2020-07-19,235.67,239.92,233.28,239.11,348803.52073,1595203199999,82120072.99362800,144896,177800.65726000,41857576.44971610,0
2020-07-20,239.12,239.72,234.05,236.01,396657.91938,1595289599999,94314378.93819910,164435,193222.00995000,45941871.96180980,0
2020-07-21,236.0,246.66,235.57,245.59,637462.08074,1595375999999,154502240.94119890,240019,335588.62905000,81336675.10271110,0
2020-07-22,245.53,269.61,241.51,263.74,718417.68296,1595462399999,180692677.21395630,273546,382255.45060000,96136746.64578400,0
2020-07-23,263.75,279.98,259.7,275.3,1068774.57879,1595548799999,287217202.72012160,378573,548027.77647000,147366131.52617590,0
2020-07-24,275.31,287.34,266.0,279.15,926033.06692,1595635199999,256347245.54814900,362608,467152.58946000,129363215.30193840,0
2020-07-25,279.15,308.94,279.09,305.26,1058927.30554,1595721599999,308799629.36114330,424683,546337.36919000,159353784.49878770,0
2020-07-26,305.31,318.75,299.0,311.0,1270368.753,1595807999999,392346895.32267080,486058,629296.22696000,194398665.55302020,0
2020-07-27,311.02,333.31,310.78,321.93,1636122.34727,1595894399999,527292799.28791380,645395,818454.59042000,263886380.58021330,0
2020-07-28,321.95,326.8,305.86,316.77,1093231.55578,1595980799999,346187853.27592900,458451,526272.91372000,166776146.18773630,0
2020-07-29,316.77,325.0,312.38,317.71,792802.32148,1596067199999,254201662.13340940,347597,403407.16614000,129383921.49019800,0
2020-07-30,317.76,342.0,314.05,334.87,1008827.56698,1596153599999,328286452.51829110,410721,548703.63674000,178728061.85059630,0
2020-07-31,334.82,349.45,328.4,346.33,948088.44982,1596239999999,323282981.01591960,461788,479449.06541000,163562313.74991860,0
2020-08-01,346.32,392.67,343.07,387.0,1440843.34203,1596326399999,527543444.86288410,598900,763925.60566000,279585883.39700170,0
2020-08-02,387.01,415.85,325.0,372.42,2324909.09616,1596412799999,878397036.29751910,960835,1147802.64923000,434515635.48955820,0
2020-08-03,372.45,398.0,366.5,385.94,1191565.09389,1596499199999,462170587.47850270,534803,594188.68302000,230529343.39225330,0
2020-08-04,385.91,402.98,380.77,389.61,1180792.42379,1596585599999,461794422.20486850,503335,580630.09812000,227199384.22215280,0
2020-08-05,389.59,407.0,384.11,400.72,1124119.0672,1596671999999,444335097.14939300,459722,569086.53448000,225101645.73652520,0
2020-08-06,400.72,403.66,390.51,394.77,821379.08397,1596758399999,325718417.71600690,388529,403029.86304000,159852195.14677980,0
2020-08-07,394.77,398.26,362.85,379.34,1041207.35946,1596844799999,398625567.06391200,466548,499790.82669000,191569557.52234410,0
2020-08-08,379.34,397.05,375.79,397.03,623029.78053,1596931199999,240999198.02428520,300577,325760.87681000,126105849.09518240,0
2020-08-09,397.05,400.0,383.36,390.14,594900.58133,1597017599999,233057462.92739680,319111,294055.13111000,115294493.99738120,0
2020-08-10,390.14,399.18,385.13,395.44,826969.90633,1597103999999,326372434.89705910,395123,409673.34569000,161732201.70573280,0
2020-08-11,395.43,398.21,367.0,379.0,992412.6023,1597190399999,381981614.62167230,459623,465088.67076000,179106068.40754950,0
2020-08-12,378.99,389.23,365.85,387.18,751848.7983,1597276799999,285872467.64409370,349082,378876.83493000,144127095.73059770,0
2020-08-13,387.18,431.49,376.59,424.54,1511330.7732,1597363199999,604810975.13185700,634978,786249.64387000,314657280.99639270,0
2020-08-14,424.54,444.71,417.05,438.11,1109670.94324,1597449599999,477180580.06183250,502635,551666.89650000,237162820.57687100,0
2020-08-15,438.12,442.94,427.02,432.32,681698.5971,1597535999999,296652970.48231940,351377,332354.72985000,144668622.34551780,0
2020-08-16,432.3,436.99,412.47,433.62,716666.25258,1597622399999,305445885.81667000,371807,345142.26171000,147116639.26333250,0
2020-08-17,433.61,446.0,420.37,430.89,868870.64996,1597708799999,375038999.50751650,443560,434882.89599000,187814884.66580410,0
2020-08-18,430.89,433.81,415.0,421.95,743254.57018,1597795199999,316635286.99292170,374074,356765.97549000,152053040.63348380,0
2020-08-19,421.92,426.75,393.25,407.46,978339.69221,1597881599999,400208683.34672710,455992,457547.57265000,187156985.82537450,0
2020-08-20,407.46,418.98,402.07,415.94,663555.73445,1597967999999,273292342.19034480,322537,336116.41655000,138426936.64111550,0
2020-08-21,415.94,418.68,385.1,387.97,860998.7256,1598054399999,347455883.45330630,414222,395087.31195000,159527686.50068960,0
2020-08-22,387.93,397.04,379.92,395.24,643235.76543,1598140799999,250069873.39723140,305450,315092.64001000,122564498.42421190,0
2020-08-23,395.23,396.95,383.15,390.71,445317.81989,1598227199999,173799978.03511140,222729,218347.50764000,85211118.00730040,0
2020-08-24,390.72,410.42,387.44,407.68,717403.81877,1598313599999,287991794.22058410,307676,374389.16218000,150318604.20706690,0
2020-08-25,407.68,409.06,370.0,382.93,970445.38395,1598399999999,375681480.18694300,411636,463076.75010000,179300083.72858850,0
2020-08-26,382.91,392.91,377.37,385.81,738690.7794,1598486399999,284504413.09361920,351141,372284.31302000,143413331.40317950,0
2020-08-27,385.81,397.1,371.48,383.27,877763.73658,1598572799999,336647752.29422450,392116,441967.74994000,169506712.89737500,0
2020-08-28,383.31,398.0,379.75,395.11,732601.46905,1598659199999,286555001.99418380,311832,376745.79555000,147371987.07353450,0
2020-08-29,395.1,405.69,391.88,398.65,659802.63344,1598745599999,263787683.02808370,300090,335970.72742000,134324057.77429140,0
2020-08-30,398.65,429.89,398.3,428.94,894979.71788,1598831999999,370467271.09903470,395838,454113.30749000,188019162.80121010,0
2020-08-31,428.94,439.0,418.04,433.79,1040748.68881,1598918399999,447866996.18511480,456201,521857.12047000,224568024.60673360,0
2020-09-01,433.8,488.84,429.03,475.4,1751354.57719,1599004799999,813662129.65048800,763508,869375.35063000,403711776.22557970,0
2020-09-02,475.4,481.39,420.0,439.5,1880642.46853,1599091199999,844475154.71608050,825133,930825.55373000,418025683.68122710,0
2020-09-03,439.5,450.7,372.0,381.4,2408569.34151,1599177599999,995567239.00840270,903066,1163309.47153000,481135153.40023240,0
2020-09-04,381.35,400.21,357.0,385.26,1806488.22474,1599263999999,696658932.11542750,744610,898001.98862000,346399148.75434910,0
2020-09-05,385.3,395.0,308.42,335.01,2777166.51389,1599350399999,967730464.90551640,1074986,1359142.30847000,474118503.45672320,0
2020-09-06,335.04,360.0,316.1,352.8,2017811.14721,1599436799999,691925087.39681090,852597,1001126.65908000,343097243.97381230,0
2020-09-07,352.85,358.51,323.0,353.59,1740618.42462,1599523199999,596754172.70084040,708066,875520.99803000,300098826.31230790,0
2020-09-08,353.59,356.58,325.38,337.39,1400246.82962,1599609599999,476444912.54463500,554846,683844.91475000,232727441.34534670,0
2020-09-09,337.41,359.0,330.51,350.85,879760.56255,1599695999999,304910633.80088960,381038,450864.78551000,156362634.92576610,0
2020-09-10,350.85,377.25,349.91,367.93,1134287.61137,1599782399999,416598205.66604800,512819,564874.99855000,207485762.51111200,0
2020-09-11,367.93,375.27,355.49,373.63,844017.59966,1599868799999,308822715.13365630,367615,423159.48329000,154876994.89740980,0
2020-09-12,373.62,388.57,364.73,387.78,766542.31635,1599955199999,287133871.24729080,318774,391980.78732000,146905887.14703520,0
2020-09-13,387.78,390.43,350.0,366.42,989195.69047,1600041599999,367969518.51348870,430236,471379.94130000,175392358.37933570,0
2020-09-14,366.43,384.64,355.73,377.12,1042059.62265,1600127999999,387238794.68097150,476828,520997.62714000,193631762.56564660,0
2020-09-15,377.12,382.47,362.34,364.06,883856.33005,1600214399999,328317009.56834610,405048,425660.93557000,158082601.83653550,0
2020-09-16,364.05,373.45,355.0,365.11,841709.98939,1600300799999,306622238.07155210,371665,401737.07122000,146390592.33280320,0
2020-09-17,365.04,394.14,363.3,389.36,1256300.411,1600387199999,479026710.89661470,505247,649410.54624000,247663754.94968120,0
2020-09-18,389.35,392.58,375.33,384.39,804194.47219,1600473599999,308748579.81603240,323159,390631.14787000,150003338.33482060,0
2020-09-19,384.4,388.72,377.0,385.25,570908.33553,1600559999999,218785730.14017850,230924,275383.50997000,105557594.25420930,0
2020-09-20,385.25,385.45,365.0,371.04,693164.40144,1600646399999,259700927.47821030,275295,339273.53425000,127111732.99106700,0
2020-09-21,371.04,376.8,331.0,340.36,1283946.03098,1600732799999,452134893.63405810,472560,614255.13337000,216255854.30576970,0
2020-09-22,340.31,346.91,335.34,344.21,842731.12878,1600819199999,288166815.51503700,286593,406238.87933000,138901899.75129510,0
2020-09-23,344.18,344.65,313.29,320.72,940904.49756,1600905599999,313808761.09043880,323226,451952.70895000,150859607.76494990,0
2020-09-24,320.72,353.1,316.67,348.97,1071705.09721,1600991999999,360708689.40437970,371450,541195.93188000,182260574.83696910,0
2020-09-25,348.97,358.0,337.58,351.92,860643.77924,1601078399999,298266918.80064850,310536,428498.41778000,148520979.71553270,0
2020-09-26,351.93,356.4,345.88,353.92,530879.20755,1601164799999,186812160.37543690,217834,265973.62355000,93597365.18627900,0
2020-09-27,353.95,362.14,347.24,357.49,569568.55041,1601251199999,202411362.68323290,230526,278104.49527000,98851342.51735050,0
2020-09-28,357.58,368.2,351.7,353.96,757758.4304,1601337599999,273063157.78999110,261317,365322.52821000,131705221.49365880,0
2020-09-29,353.91,360.63,350.45,359.79,585143.16892,1601423999999,208028826.48711650,214988,296028.84893000,105268925.80294570,0
2020-09-30,359.78,361.5,351.56,359.83,498943.23226,1601510399999,177784824.51781920,173910,258138.87585000,92021033.11709650,0
2020-10-01,359.83,370.45,345.51,352.85,758349.31959,1601596799999,271468849.79851160,288354,361455.09687000,129606992.62340270,0
2020-10-02,352.83,354.55,334.24,345.6,733571.84211,1601683199999,251829017.51948020,286023,359044.99342000,123230178.01440740,0
2020-10-03,345.6,351.0,343.7,345.95,303595.71901,1601769599999,105401893.35734360,136755,157899.99434000,54819449.94469700,0
2020-10-04,345.94,354.45,343.81,352.37,343932.91712,1601855999999,119961274.70065720,138736,168705.23259000,58850037.60413940,0
2020-10-05,352.34,356.1,348.54,353.62,376740.30692,1601942399999,132656713.04409390,145787,185554.40142000,65347144.97328110,0
2020-10-06,353.63,355.1,336.8,340.75,640063.26951,1602028799999,221765553.58680910,240812,311147.69014000,107797282.75783230,0
2020-10-07,340.8,342.85,332.18,341.58,541928.86376,1602115199999,183873686.39043150,195112,267972.41424000,90930067.04391160,0
2020-10-08,341.58,353.32,334.21,350.95,631794.8756,1602201599999,217322066.97802380,220053,332296.23857000,114406629.96863650,0
2020-10-09,350.94,368.33,347.32,365.02,650478.19338,1602287999999,232878561.88521360,241168,347090.04670000,124302113.23120810,0
2020-10-10,365.01,378.4,364.71,370.52,591005.32129,1602374399999,220607973.01227310,253825,299965.65391000,111977478.87854210,0
2020-10-11,370.51,377.6,368.87,374.16,373318.23779,1602460799999,139329772.54031670,164475,187969.33051000,70162446.92701300,0
2020-10-12,374.17,394.8,365.58,386.51,844422.65444,1602547199999,320587055.52979570,309500,427311.17538000,162322201.34325680,0
2020-10-13,386.51,387.75,374.51,381.04,645141.91394,1602633599999,246276552.00902270,239460,315226.91813000,120349073.75065890,0
2020-10-14,381.05,387.41,373.13,378.69,569557.82936,1602719999999,216288026.95920860,214375,278390.33609000,105736024.77958970,0
2020-10-15,378.69,381.79,369.85,377.64,634038.09453,1602806399999,238396852.78392820,228454,308053.83962000,115864353.66265170,0
2020-10-16,377.63,379.83,361.18,365.5,654029.36404,1602892799999,241127894.70245080,255775,308695.25396000,113825303.52954540,0
2020-10-17,365.5,370.46,363.36,368.32,285578.24537,1602979199999,104838880.45610340,126045,139908.84552000,51365997.42640250,0
2020-10-18,368.31,378.64,367.1,378.11,323468.47095,1603065599999,120818450.62118030,133043,166936.80184000,62359187.49284320,0
2020-10-19,378.12,384.32,372.5,379.3,577252.90265,1603151999999,218372639.95702320,224887,281217.97666000,106363380.19858650,0
2020-10-20,379.3,380.73,365.27,368.52,617309.81677,1603238399999,229928443.79691000,251051,288156.13039000,107315894.51408450,0
2020-10-21,368.53,401.49,367.74,390.38,1221663.63784,1603324799999,472488832.71627450,450963,632070.29962000,244519977.28209820,0
2020-10-22,390.31,420.73,390.21,413.98,1095897.20667,1603411199999,447211002.50125880,412013,560444.09814000,228790705.50160170,0
2020-10-23,413.94,419.33,401.3,409.11,727832.3224,1603497599999,299943190.93063720,293671,353573.61208000,145754753.83309310,0
2020-10-24,409.19,416.66,407.0,412.14,419236.87106,1603583999999,172799824.64868200,182680,207090.61075000,85377261.16253270,0
2020-10-25,412.14,417.4,402.5,405.86,415586.9761,1603670399999,170054743.31874520,177854,192487.98412000,78807422.93383440,0
2020-10-26,405.85,411.11,382.3,392.52,895142.67266,1603756799999,356208480.58571190,329493,408392.37075000,162532499.76636610,0
2020-10-27,392.52,410.25,389.9,403.45,754244.37552,1603843199999,302522886.82653000,286217,373014.52987000,149645515.38216060,0
2020-10-28,403.41,409.2,380.52,388.23,855275.46882,1603929599999,335751199.30374730,348661,407244.62775000,159935755.11819610,0
2020-10-29,388.22,393.72,380.52,387.13,573096.01416,1604015999999,222669504.87531700,248649,283010.62488000,109967352.10618020,0
2020-10-30,387.12,391.97,373.29,382.49,771750.74746,1604102399999,294342545.98087450,289735,384404.74738000,146595612.99159130,0
2020-10-31,382.59,394.88,379.9,386.46,467453.8105,1604188799999,181136851.45374130,218528,238043.31120000,92253593.43786280,0
2020-11-01,386.44,398.29,384.61,396.67,438952.95565,1604275199999,171238317.70032390,181369,228285.69860000,89100829.28533770,0
2020-11-02,396.68,404.5,377.92,383.02,779968.57957,1604361599999,304223545.89203440,290370,382924.26079000,149479791.08400600,0
2020-11-03,383.01,390.0,370.23,387.88,752954.37114,1604447999999,286291773.96848450,280412,366506.41600000,139475874.91715260,0
2020-11-04,387.88,408.39,376.47,402.49,1157064.35076,1604534399999,454481208.40200980,392310,600951.59602000,236190448.28833480,0
2020-11-05,402.5,420.4,396.14,416.69,1475139.77342,1604620799999,601591250.40124900,513574,733696.12776000,299466668.01144860,0
2020-11-06,416.73,458.27,414.76,455.91,1682440.96026,1604707199999,736015135.62721030,666505,883105.68936000,386541087.43089730,0
2020-11-07,455.91,468.28,424.14,435.21,1653416.5961,1604793599999,743871175.78212340,674858,831369.37192000,374507765.44837650,0
2020-11-08,435.2,460.1,431.99,454.3,840908.46841,1604879999999,375679148.23503960,354341,424300.36519000,189644075.40081470,0
2020-11-09,454.29,459.1,433.09,444.32,1099213.24641,1604966399999,491928164.98124340,469947,523180.45111000,234223108.98942740,0
2020-11-10,444.32,455.0,438.7,450.34,866872.41108,1605052799999,388190148.20789510,384228,437244.02871000,195856348.18969540,0
2020-11-11,450.34,476.25,449.28,463.09,1205782.84262,1605139199999,559228791.89035090,560360,626267.49881000,290487786.95615110,0
2020-11-12,463.09,470.0,451.2,462.39,990776.62912,1605225599999,455971309.21685460,411840,471577.98126000,217115755.31874190,0
2020-11-13,462.48,478.01,457.12,476.43,976665.09752,1605311999999,456232937.20613030,427363,509344.22798000,238031863.05169850,0
2020-11-14,476.42,477.47,452.0,460.89,735252.7854,1605398399999,340142257.19369760,350772,347000.03929000,160634962.00481430,0
2020-11-15,460.9,462.89,440.19,448.08,665217.56671,1605484799999,301406126.45931180,311451,307609.56539000,139442342.07826170,0
2020-11-16,448.07,466.0,445.45,460.55,812060.44638,1605571199999,370889706.69923280,328762,407294.36897000,186016422.42729190,0
2020-11-17,460.51,484.88,459.8,482.15,1151573.37456,1605657599999,544239665.38175160,464336,591305.56754000,279583957.90483940,0
2020-11-18,482.11,495.31,456.6,478.41,1477696.29116,1605743999999,706704397.41086890,637641,741745.06753000,355029605.61622610,0
2020-11-19,478.43,480.75,464.86,471.25,817418.52685,1605830399999,387199111.37944740,404737,389266.26994000,184475868.34601870,0
2020-11-20,471.26,514.4,470.65,510.12,1516361.90736,1605916799999,756660192.86075660,607663,781483.37009000,389816150.40627550,0
2020-11-21,510.12,553.32,502.82,552.35,1548851.29067,1606003199999,815402228.52281210,649077,789354.14815000,415699828.62327800,0
2020-11-22,552.42,580.88,511.28,560.03,1850317.93581,1606089599999,1014064539.08814930,768900,910655.85789000,499466614.36578590,0
2020-11-23,560.03,610.85,550.12,608.58,2076008.84846,1606175999999,1218150934.31147740,896026,1056711.75846000,620234259.82056650,0
2020-11-24,608.58,623.0,585.0,604.97,1606450.49193,1606262399999,976376501.31147490,838352,801041.86277000,487114657.46570510,0
2020-11-25,604.98,606.0,553.83,569.5,1219440.02727,1606348799999,716972340.67452020,657386,576127.36549000,339032707.42864070,0
2020-11-26,569.38,577.14,481.0,519.83,2683460.74171,1606435199999,1386030255.16807190,1259051,1291907.71331000,667402458.34550710,0
2020-11-27,519.83,530.62,493.72,518.68,1088064.28114,1606521599999,558985308.90236460,578800,546528.97953000,280820318.04883820,0
2020-11-28,518.59,547.94,506.59,537.52,900508.61431,1606607999999,475169074.69038870,456028,466164.69930000,245997234.13831860,0
2020-11-29,537.5,576.9,530.32,576.3,855276.46664,1606694399999,471629262.24329860,454026,440702.88199000,243151356.51696760,0
2020-11-30,576.32,616.85,570.07,616.66,1501989.45408,1606780799999,895373784.83004420,717837,762000.09958000,454509095.97326810,0
2020-12-01,616.65,635.7,560.0,585.26,2163875.81376,1606867199999,1300668283.31968030,1018862,1053325.00335000,633883748.89797740,0
2020-12-02,585.26,604.93,575.0,596.89,1069538.65619,1606953599999,632858653.20502320,604591,532480.45583000,315241714.26318180,0
2020-12-03,596.88,623.44,585.82,615.85,935687.91723,1607039999999,568024618.94103900,513555,481922.57902000,292623478.63136890,0
2020-12-04,615.84,620.0,565.82,567.24,1052452.78666,1607126399999,624543865.90086520,556641,488225.14672000,289993182.86860670,0
2020-12-05,567.24,597.11,560.88,596.8,701567.95564,1607212799999,410382624.74253480,389600,362873.30755000,212540315.03846360,0
2020-12-06,596.82,607.5,583.0,601.54,602496.96339,1607299199999,359236400.29499330,363661,311000.01314000,185485506.35937250,0
2020-12-07,601.59,603.15,584.22,591.28,498329.37589,1607385599999,295598087.02799800,347036,236796.14093000,140496350.95128050,0
2020-12-08,591.27,595.0,549.22,554.94,804443.00717,1607471999999,461781203.16172090,422868,371889.68919000,213672984.76221560,0
2020-12-09,554.92,578.08,530.43,573.09,997192.16738,1607558399999,555142155.88265270,535975,503291.69076000,280447024.92060910,0
2020-12-10,573.2,575.7,548.11,558.99,608414.51466,1607644799999,341352126.26706100,376548,301401.59013000,169125585.10276520,0
2020-12-11,558.99,560.8,535.5,544.43,768921.78317,1607731199999,419607430.44734580,400545,369206.67071000,201527071.67009370,0
2020-12-12,544.46,574.0,543.1,568.04,573913.95311,1607817599999,320867352.46155610,321104,303037.86143000,169441251.72908650,0
2020-12-13,568.09,595.0,563.22,590.7,657794.46158,1607903999999,383072560.34673000,359525,326199.32502000,189873757.16352030,0
2020-12-14,590.81,591.48,575.6,586.29,493012.02706,1607990399999,288110223.95248790,272746,245044.70577000,143226160.02563270,0
2020-12-15,586.29,597.2,578.58,588.64,569270.52011,1608076799999,334543178.36939210,329161,290602.59003000,170832376.24944630,0
2020-12-16,588.78,640.0,580.71,637.18,1185588.05078,1608163199999,725009244.40773530,589563,615898.25662000,376680848.04210240,0
2020-12-17,637.18,676.25,625.76,642.7,2006130.01975,1608249599999,1307445033.12182490,974504,975946.21679000,636041218.08299910,0
2020-12-18,642.71,664.61,629.4,653.85,1000012.98018,1608335999999,646217791.22968610,554335,496068.24065000,320579472.24291110,0
2020-12-19,653.76,669.95,645.42,658.03,858803.88459,1608422399999,564029933.25885230,562281,421384.66554000,276780293.91863170,0
2020-12-20,658.05,661.39,621.01,638.18,823958.22843,1608508799999,533109285.65194770,505181,394908.57533000,255626307.21206790,0
2020-12-21,638.1,648.0,595.9,607.58,843251.16565,1608595199999,524208673.90862380,521589,408550.63200000,254158056.05938060,0
2020-12-22,607.68,637.73,588.0,636.45,918851.25654,1608681599999,563872004.63349170,522945,466287.90424000,286284535.10764970,0
2020-12-23,636.41,638.44,551.28,585.56,1208807.36518,1608767999999,733443630.36561180,733896,564050.80567000,342705478.21036510,0
2020-12-24,585.48,615.02,565.43,612.31,886335.86333,1608854399999,519843556.98166310,571510,452224.32838000,265331357.89847340,0
2020-12-25,612.31,634.24,604.28,626.82,798009.62915,1608940799999,494089140.85723270,468979,410025.85332000,253924482.47283610,0
2020-12-26,626.78,652.91,615.26,637.44,958585.50647,1609027199999,607664782.01089470,541191,484016.30919000,307006622.69878590,0
2020-12-27,637.44,717.13,625.0,685.11,1859968.15029,1609113599999,1247547956.82394360,1047001,934904.83600000,627557199.45998840,0
2020-12-28,685.1,748.09,681.04,730.41,1627154.39266,1609199999999,1180438285.48840650,961277,832490.11082000,603982596.85125660,0
2020-12-29,730.4,740.78,689.2,732.0,1106876.35855,1609286399999,794643540.49012380,820504,543799.46855000,390697226.37305640,0
2020-12-30,732.0,758.74,716.62,752.17,1008574.09906,1609372799999,743546676.75446260,692405,514590.35901000,379464185.39099070,0
2020-12-31,752.17,755.74,722.0,736.42,863375.57981,1609459199999,638503822.39406460,623216,431442.91885000,319087759.04187390,0
2021-01-01,736.42,749.0,714.29,728.91,675114.09329,1609545599999,496072043.77740740,483671,338988.53158000,249240373.93868390,0
2021-01-02,728.91,787.69,714.91,774.56,1352618.57668,1609631999999,1024472182.61208700,824134,686674.73342000,519915827.01148550,0
2021-01-03,774.44,1011.07,768.71,978.28,2813603.88615,1609718399999,2522411859.73160970,1636501,1439027.79886000,1290266275.59314880,0
2021-01-04,978.33,1162.97,890.0,1041.43,4245010.94004,1609804799999,4303634203.21959870,2477862,2126337.67210000,2157639019.32919130,0
2021-01-05,1041.45,1134.6,974.45,1099.56,2706995.67525,1609891199999,2857050280.00814230,1960503,1337641.02794000,1412551452.85355810,0
2021-01-06,1100.16,1213.0,1057.26,1208.42,2390136.59334,1609977599999,2725262121.28851310,1600888,1227955.88850000,1401239480.53057930,0
2021-01-07,1208.75,1289.0,1131.0,1224.87,1972922.82059,1610063999999,2406219891.36853430,1402699,974726.97516000,1189746026.15138440,0
2021-01-08,1224.86,1273.75,1065.0,1216.93,2131172.92341,1610150399999,2543427452.58012550,1718817,1042889.10509000,1246619297.41983940,0
2021-01-09,1216.72,1304.37,1171.36,1276.0,1448871.11514,1610236799999,1780137376.41646950,1131871,746369.69680000,918333130.76833010,0
2021-01-10,1276.0,1348.33,1170.0,1254.25,1951179.35003,1610323199999,2517791852.40776210,1437486,979792.30536000,1266203575.09528690,0
2021-01-11,1254.24,1260.0,915.0,1087.01,4068784.65678,1610409599999,4290593989.58017690,2557613,1966216.19764000,2073558269.94001260,0
2021-01-12,1087.0,1150.02,1006.33,1050.16,2302645.34052,1610495999999,2491067092.51012720,1516625,1149858.00491000,1244662146.28528080,0
2021-01-13,1050.36,1137.65,987.48,1129.89,1564202.39081,1610582399999,1664178969.07380440,1123983,792814.80569000,844656818.22553690,0
2021-01-14,1129.79,1247.55,1086.7,1231.62,1555737.38556,1610668799999,1825860914.17379550,1255769,794405.96443000,932454704.10136900,0
2021-01-15,1231.89,1256.98,1069.42,1168.53,1944038.83738,1610755199999,2302781118.95873940,1519266,966118.73281000,1145518024.49123220,0
2021-01-16,1168.48,1298.0,1151.77,1227.83,1575384.43797,1610841599999,1927453174.61179310,1252473,804431.16803000,984555467.09145990,0
2021-01-17,1227.83,1269.02,1165.0,1232.45,1317285.00579,1610927999999,1606424364.49704180,1121278,665250.50449000,811881943.45552540,0
2021-01-18,1232.5,1260.75,1182.58,1258.45,998050.11073,1611014399999,1223628040.73726070,940604,499759.24002000,613148505.56560630,0
2021-01-19,1258.52,1438.3,1251.49,1365.36,2278852.55758,1611100799999,3120980923.93030880,1840481,1158029.40293000,1585793803.66076070,0
2021-01-20,1365.36,1407.93,1235.42,1376.99,2219137.62144,1611187199999,2931656296.46700050,1852253,1103381.08760000,1459031149.78985600,0
2021-01-21,1376.72,1390.0,1086.0,1110.96,2254164.80365,1611273599999,2787012514.78097050,1823458,1088341.96818000,1346852630.20308530,0
2021-01-22,1111.98,1273.79,1042.31,1232.62,2020593.21673,1611359999999,2360267831.31755460,1652010,1036188.85921000,1212076603.47097220,0
2021-01-23,1232.61,1272.44,1195.9,1233.6,1009545.08258,1611446399999,1250575691.76273060,932871,505750.89704000,626781286.58099590,0
2021-01-24,1233.46,1398.83,1220.0,1392.51,1510879.53817,1611532799999,1996765627.54051920,1313986,790374.50924000,1045052388.63841560,0
2021-01-25,1392.19,1475.0,1293.69,1317.88,1885441.31289,1611619199999,2644267236.89718770,1661512,943347.25829000,1324815913.98590850,0
2021-01-26,1317.6,1378.49,1244.56,1365.97,1682923.65799,1611705599999,2216751668.39271260,1423178,856659.30135000,1128968367.85389060,0
2021-01-27,1366.54,1373.9,1207.0,1239.03,2009772.08358,1611791999999,2554649901.07484460,1737296,997748.24567000,1268777717.49710370,0
2021-01-28,1238.93,1360.0,1217.23,1329.69,1365269.71962,1611878399999,1790490878.19379420,1275024,702526.23919000,922191761.36835110,0
2021-01-29,1329.44,1436.9,1285.35,1379.5,2253963.18682,1611964799999,3077996801.23176560,1714076,1126572.38403000,1539947796.20749350,0
2021-01-30,1379.56,1406.0,1326.41,1378.05,1040042.2363,1612051199999,1414231402.54388340,1013174,508185.46266000,691043000.99942650,0
2021-01-31,1378.04,1380.74,1281.12,1312.55,958704.85571,1612137599999,1276842259.97134880,828176,448756.56134000,597602925.78056310,0
2021-02-01,1312.45,1377.99,1269.99,1374.17,1096397.91862,1612223999999,1449463766.72379510,915584,550007.37258000,727808340.67551960,0
2021-02-02,1374.09,1547.9,1360.28,1511.87,1944227.99878,1612310399999,2821617332.39978510,1614541,986022.09176000,1431300798.43024110,0
2021-02-03,1511.93,1669.35,1508.39,1664.49,1535869.88801,1612396799999,2418887041.58756150,1384979,793334.97198000,1249029451.14196070,0
2021-02-04,1664.67,1695.2,1554.44,1595.67,1646502.32962,1612483199999,2693099602.27560810,1507993,825236.64834000,1350478681.24540390,0
2021-02-05,1595.53,1760.49,1591.0,1719.19,1194123.29946,1612569599999,2011685911.16688670,1326415,600948.63761000,1012301493.08615330,0
2021-02-06,1718.95,1743.67,1642.94,1676.35,1149808.33101,1612655999999,1940057857.94389820,1152167,565703.52545000,954941828.40177990,0
2021-02-07,1676.35,1693.0,1490.46,1611.62,1281734.86814,1612742399999,2044371589.02327640,1263737,618789.69751000,987284129.73539090,0
2021-02-08,1611.46,1775.57,1563.89,1750.15,1339777.09536,1612828799999,2255426926.01997780,1372788,677614.29512000,1141288384.54742980,0
2021-02-09,1749.68,1821.88,1708.49,1769.13,1185071.89593,1612915199999,2080818891.69890500,1173421,593423.36868000,1042666171.18075090,0
2021-02-10,1769.14,1837.86,1680.0,1740.78,1219932.25474,1613001599999,2149076144.40765770,1279140,605462.91818000,1067949000.52371340,0
2021-02-11,1740.76,1819.0,1703.44,1785.62,735079.82699,1613087999999,1301681871.56326880,935602,367056.14118000,650153645.44318730,0
2021-02-12,1785.83,1864.88,1739.88,1840.26,909600.20653,1613174399999,1635426867.77409270,996495,460779.83709000,829217927.34420890,0
2021-02-13,1840.24,1871.72,1765.0,1814.96,767589.07285,1613260799999,1395594093.28399760,853189,372008.25141000,676531918.54325300,0
2021-02-14,1815.25,1850.0,1784.11,1800.42,675261.77873,1613347199999,1230043295.03428380,714827,334005.33344000,608556979.10253330,0
2021-02-15,1800.03,1835.72,1655.67,1779.25,1053474.57879,1613433599999,1860338371.89740780,1086589,511771.37271000,904087834.75423730,0
2021-02-16,1779.33,1827.28,1724.0,1781.99,817493.47513,1613519999999,1455884891.92438010,826125,389395.78700000,693804838.74920430,0
2021-02-17,1781.99,1855.0,1733.01,1849.88,795711.63311,1613606399999,1437546812.97183170,862461,412387.45021000,745568293.76172300,0
2021-02-18,1849.7,1950.5,1849.69,1939.61,937227.10191,1613692799999,1787383532.10237610,1053661,493607.02549000,941541216.78113600,0
2021-02-19,1938.91,1972.82,1891.0,1955.0,793404.4115,1613779199999,1533991632.12954610,988320,388954.85277000,752267904.16996680,0
2021-02-20,1955.46,2042.34,1803.14,1913.0,1261315.81279,1613865599999,2493836246.48714560,1329067,624716.42408000,1236782122.34460490,0
2021-02-21,1912.9,1976.31,1883.01,1933.53,756568.19743,1613951999999,1467970937.28507250,895138,386132.26661000,749271580.57468510,0
2021-02-22,1933.54,1936.29,1551.0,1777.58,1807244.98099,1614038399999,3200483176.97958480,1799926,854014.62953000,1513747907.80303880,0
2021-02-23,1777.42,1782.39,1355.0,1577.89,2547837.82068,1614124799999,3931407907.53427650,2396626,1231889.46331000,1903489088.14390600,0
2021-02-24,1577.79,1712.7,1500.2,1623.39,1384388.81727,1614211199999,2261264845.46507440,1319936,705887.81504000,1153792817.18654230,0
2021-02-25,1623.16,1671.59,1459.16,1481.75,1032670.79409,1614297599999,1650582276.87186390,1110019,501173.65129000,802212265.45357460,0
2021-02-26,1482.08,1562.25,1400.0,1444.59,1355973.29378,1614383999999,2004016547.11119290,1298739,662906.93964000,979857228.42828460,0
2021-02-27,1444.56,1529.0,1425.0,1458.13,927423.0475,1614470399999,1375946816.33254320,954919,452205.99129000,671100313.80011610,0
2021-02-28,1458.27,1468.75,1293.18,1419.18,1410207.56284,1614556799999,1929140046.64625870,1190546,704060.34406000,963537938.07734470,0
2021-03-01,1418.67,1572.0,1409.91,1569.86,1094695.17839,1614643199999,1642627276.31055880,989006,568597.04493000,853434777.37504840,0
2021-03-02,1570.0,1602.9,1455.52,1486.78,1061142.38743,1614729599999,1627312282.62352900,966176,508683.55658000,781051077.73856460,0
2021-03-03,1486.79,1656.94,1475.47,1567.69,1054846.31471,1614815999999,1676300215.04583230,1237215,534919.19161000,850213871.68664110,0
2021-03-04,1567.68,1624.87,1506.36,1539.23,946365.67088,1614902399999,1476463517.98648710,1125118,468540.00465000,731257773.71699530,0
2021-03-05,1539.22,1548.96,1441.66,1528.31,910786.28976,1614988799999,1355798089.27269910,1000913,451258.01245000,672042056.24061980,0
2021-03-06,1528.08,1671.58,1513.03,1650.35,1013300.93928,1615075199999,1611851701.82401670,1188531,536167.18087000,853820036.09284670,0
2021-03-07,1650.68,1734.16,1630.35,1726.16,848470.78136,1615161599999,1414988218.19354000,1166072,432388.65922000,721395027.18272030,0
2021-03-08,1726.46,1843.59,1664.96,1833.18,1149711.39987,1615247999999,1995142128.64813450,1407402,602217.91071000,1046045706.90183630,0
2021-03-09,1833.22,1870.77,1798.2,1870.51,857229.47855,1615334399999,1570286249.45090050,1196670,414078.09328000,758575748.35696330,0
2021-03-10,1870.5,1877.69,1757.0,1795.12,937230.62831,1615420799999,1706230875.26766380,1098051,451348.33020000,821707575.72727200,0
2021-03-11,1795.28,1846.7,1725.0,1825.78,909011.4961,1615507199999,1627027458.08879630,1023958,443744.99114000,794476087.91730540,0
2021-03-12,1825.78,1841.88,1719.72,1766.1,869564.6361,1615593599999,1542873062.42010170,1126153,426161.77880000,756268155.25952690,0
2021-03-13,1766.13,1944.3,1727.75,1922.35,926283.22642,1615679999999,1718553131.96147330,1265904,471925.04818000,875441534.03515230,0
2021-03-14,1922.35,1933.1,1836.0,1848.1,637963.63627,1615766399999,1200354205.60335700,963564,301776.22952000,567878404.18293170,0
2021-03-15,1848.1,1891.76,1730.0,1793.48,1025326.79658,1615852799999,1842608872.76306020,1496415,511041.33812000,918123974.55408360,0
2021-03-16,1793.99,1819.5,1711.68,1805.12,764993.40147,1615939199999,1360127229.78991600,987906,388327.71998000,690760061.47753980,0
2021-03-17,1805.01,1838.88,1741.18,1823.58,658349.44843,1616025599999,1177718486.96461370,872416,337373.92544000,603533782.44800500,0
2021-03-18,1823.58,1850.0,1759.04,1776.08,603721.61056,1616111999999,1092346826.55369030,783517,284617.82364000,514992961.42729320,0
2021-03-19,1775.92,1840.61,1733.47,1809.1,500258.42875,1616198399999,901801564.20232610,703977,250974.49054000,452606834.75388390,0
2021-03-20,1809.01,1868.83,1800.86,1806.1,451556.10639,1616284799999,828404987.65277420,743672,230001.04734000,421947140.57311450,0
2021-03-21,1806.57,1817.16,1747.0,1782.98,465953.98749,1616371199999,830951276.51307660,748800,227170.16353000,405242308.74646660,0
2021-03-22,1783.23,1807.51,1655.15,1680.97,582727.49081,1616457599999,1019780398.78218940,879976,284682.99701000,498556293.27248210,0
2021-03-23,1681.17,1721.17,1650.0,1668.08,577213.99589,1616543999999,975522491.06404260,654415,286791.61839000,484836342.00614680,0
2021-03-24,1668.2,1740.86,1536.92,1581.84,753834.52393,1616630399999,1251031751.15638120,994542,360806.99166000,599730061.13798270,0
2021-03-25,1581.88,1622.0,1549.4,1585.74,701697.00258,1616716799999,1115502879.62915160,778215,357916.02537000,569176818.69337150,0
2021-03-26,1585.83,1699.93,1585.79,1698.84,515470.92907,1616803199999,844707873.91477140,650812,265021.09760000,434412049.54683700,0
2021-03-27,1698.84,1732.67,1666.41,1712.63,443845.49957,1616889599999,753555521.64465620,516929,223163.53000000,378944599.81362170,0
2021-03-28,1712.52,1725.66,1661.4,1687.01,348895.51314,1616975999999,592836644.59933920,512231,169502.24442000,288084679.28310710,0
2021-03-29,1687.16,1841.0,1677.85,1816.74,647724.46387,1617062399999,1148231088.81158730,846836,342048.84150000,606329959.12347100,0
2021-03-30,1816.76,1859.13,1786.3,1840.46,568842.00526,1617148799999,1039262033.38675560,856093,283746.67403000,518558427.24364170,0
2021-03-31,1840.41,1947.29,1768.15,1919.37,746995.8591,1617235199999,1387448329.86186770,1040362,377271.88679000,700970286.07833920,0
2021-04-01,1919.37,1984.77,1885.02,1968.05,741585.07266,1617321599999,1438751530.78722940,994836,371883.72089000,721736727.44501430,0
2021-04-02,1968.05,2146.0,1948.48,2133.69,846197.93215,1617407999999,1719752062.51672840,1218698,436010.09375000,886653805.06916650,0
2021-04-03,2133.69,2138.12,1996.3,2008.52,770176.32192,1617494399999,1601516390.59711510,1107620,363187.43008000,755374910.22590540,0
2021-04-04,2008.59,2091.83,1975.24,2075.69,514345.76554,1617580799999,1050448906.44240220,818926,263875.56295000,538795778.14292030,0
2021-04-05,2075.7,2130.64,2002.15,2107.38,684923.61494,1617667199999,1419084945.81378910,947978,343642.59997000,712219066.86574580,0
2021-04-06,2107.43,2151.0,2044.65,2112.21,673386.05575,1617753599999,1420490813.03905580,1106761,332812.25752000,702230157.78786380,0
2021-04-07,2112.22,2129.01,1930.01,1963.47,892984.90422,1617839999999,1798606574.05355710,1229155,437902.88352000,882121983.61551560,0
2021-04-08,1963.46,2084.61,1947.35,2080.46,501355.998,1617926399999,1015796231.01188220,911403,250910.57734000,508200399.27288040,0
2021-04-09,2080.39,2100.0,2047.57,2066.87,426387.4379,1618012799999,885134116.02290660,645172,205375.78451000,426445139.87481370,0
2021-04-10,2067.19,2200.0,2058.0,2133.49,655458.20894,1618099199999,1405364881.85831330,1175161,330628.54391000,708994754.48527730,0
2021-04-11,2133.49,2165.02,2113.4,2151.36,392265.50773,1618185599999,839653140.94059150,830771,197850.92141000,423496403.39094470,0
2021-04-12,2151.42,2203.46,2102.0,2137.69,579093.35694,1618271999999,1244982956.77003100,914567,286715.00745000,616499175.90461080,0
2021-04-13,2137.86,2318.0,2135.53,2299.19,782608.6209,1618358399999,1745821661.49661390,1288668,399098.20720000,890600412.46437300,0
2021-04-14,2299.19,2447.29,2281.33,2432.6,972931.60866,1618444799999,2294753430.62740700,1554097,495400.50190000,1168618278.83688300,0
2021-04-15,2432.59,2543.47,2400.0,2514.04,681950.96645,1618531199999,1680063463.60112070,1462768,355972.40197000,877438758.04432320,0
2021-04-16,2514.04,2548.29,2300.0,2422.67,999163.75205,1618617599999,2418566593.04737460,1679215,486268.80792000,1177128974.46624530,0
2021-04-17,2422.38,2495.0,2310.0,2317.6,624232.25568,1618703999999,1504895144.91223430,1242299,306700.14929000,739461805.32098790,0
2021-04-18,2317.65,2340.0,1946.8,2235.64,1475383.69204,1618790399999,3190809322.51046110,2113566,722180.39492000,1562761985.66474620,0
2021-04-19,2235.65,2300.0,2080.0,2161.12,820592.26555,1618876799999,1800575928.10749440,1411498,405251.54082000,889798938.68949470,0
2021-04-20,2161.12,2346.62,2055.0,2330.03,992240.809,1618963199999,2181209665.22593570,1478664,500443.49263000,1100996922.79137390,0
2021-04-21,2330.26,2469.54,2235.16,2357.06,1177885.8617,1619049599999,2771995884.03614840,1905822,587138.28906000,1381898508.98941880,0
2021-04-22,2357.06,2644.47,2303.44,2397.94,2220753.09746,1619135999999,5508778905.78141780,3110597,1124195.46709000,2790172132.67703410,0
2021-04-23,2397.94,2442.89,2107.0,2367.39,2532242.44185,1619222399999,5719925451.74555810,2790382,1244539.89520000,2812376010.14417070,0
2021-04-24,2367.39,2368.74,2154.8,2213.35,997688.94623,1619308799999,2246912953.27178130,1275474,494456.79061000,1113625193.11945120,0
2021-04-25,2214.08,2356.64,2168.0,2320.49,857517.38218,1619395199999,1948978895.46515520,1307545,431554.84567000,981153774.03556340,0
2021-04-26,2320.44,2542.8,2303.64,2532.6,1076469.01367,1619481599999,2652330344.66202370,1852607,547426.15132000,1348633236.68046310,0
2021-04-27,2532.06,2680.0,2480.29,2666.13,771728.46451,1619567999999,1995139023.61483670,1255607,404885.92295000,1047010126.52780100,0
2021-04-28,2666.13,2760.0,2559.44,2748.24,999383.1852,1619654399999,2673547154.20087140,1587100,497704.72280000,1332642242.75256730,0
2021-04-29,2748.23,2798.0,2668.0,2757.04,863890.01069,1619740799999,2366133509.25480070,1379738,428965.61199000,1175245479.02532190,0
2021-04-30,2757.04,2798.3,2723.09,2772.42,695339.20482,1619827199999,1917297701.09952250,1382521,348038.76271000,959914846.73766510,0
2021-05-01,2772.42,2954.28,2743.41,2944.77,690260.07741,1619913599999,1979833188.06520470,1437394,363427.72753000,1042474172.81408930,0
2021-05-02,2944.83,2985.0,2852.26,2949.56,571982.5445,1619999999999,1672310882.24470070,1132280,294479.86893000,861215743.58829320,0
2021-05-03,2949.33,3454.0,2949.32,3431.04,1329088.0628,1620086399999,4243786480.41515130,2502746,689402.61551000,2199717718.45329330,0
2021-05-04,3431.04,3527.0,3160.0,3239.01,1826039.38558,1620172799999,6103102520.70946180,3634236,913493.51765000,3054026099.65137780,0
2021-05-05,3239.01,3549.34,3200.23,3524.26,1174816.73588,1620259199999,3955994776.90115780,2224441,581159.24143000,1957116423.54505080,0
2021-05-06,3524.33,3605.4,3376.47,3489.73,920592.57706,1620345599999,3213427394.77726540,1703109,457348.26339000,1596792938.75437370,0
2021-05-07,3489.74,3587.0,3353.23,3479.53,760544.64781,1620431999999,2641740668.46964650,1382532,373468.63998000,1297499899.40799850,0
2021-05-08,3479.79,3958.33,3449.27,3910.26,1130467.54852,1620518399999,4170897763.92239390,2146967,576465.81586000,2128434949.10360530,0
2021-05-09,3910.26,3983.65,3726.08,3923.95,1000401.0082,1620604799999,3885039042.66370740,2289303,501191.98456000,1946904544.35834790,0
2021-05-10,3923.95,4208.0,3650.0,3945.88,1505897.92612,1620691199999,6079977785.41138740,3033133,745235.17136000,3010349053.85757370,0
2021-05-11,3946.63,4180.22,3771.64,4173.45,1095927.10403,1620777599999,4350260231.58878710,2290977,546195.67057000,2169036982.21856120,0
2021-05-12,4173.46,4372.72,3701.58,3823.21,1601842.74017,1620863999999,6673102683.97424080,3188941,781569.68782000,3259590092.47307750,0
2021-05-13,3810.15,4034.77,3500.0,3717.91,2068708.17427,1620950399999,7846531159.41968720,3943562,1019129.41961000,3869202428.61408120,0
2021-05-14,3717.92,4173.28,3691.35,4075.01,1153390.42631,1621036799999,4569415542.24788800,2227244,589306.03131000,2332631768.07003270,0
2021-05-15,4075.02,4134.05,3632.0,3646.68,1039174.88082,1621123199999,4030586492.96493760,2055345,498020.66776000,1932010797.35632840,0
2021-05-16,3646.24,3879.0,3343.06,3582.1,1324065.65875,1621209599999,4788918304.49799650,2532983,633005.25035000,2292116232.82542330,0
2021-05-17,3581.81,3587.06,3102.0,3282.51,1904012.43998,1621295999999,6401071580.73482600,2885352,933732.36068000,3143594982.02332910,0
2021-05-18,3282.25,3565.71,3240.0,3375.07,1287110.84143,1621382399999,4392873871.82242700,2143887,648040.21083000,2211619486.73454610,0
2021-05-19,3375.08,3441.73,1888.0,2438.92,4309836.31939,1621468799999,11641524166.98745910,5548968,2090952.35775000,5659752851.77794760,0
2021-05-20,2438.92,2990.05,2155.0,2768.62,2942777.9301,1621555199999,7750201898.66744090,4243052,1465674.26337000,3868330692.80134180,0
2021-05-21,2767.87,2938.54,2101.0,2430.98,2727031.93514,1621641599999,6898701128.84112870,3676164,1340165.22786000,3393349822.16471050,0
2021-05-22,2430.98,2485.0,2145.0,2294.87,1684318.01157,1621727999999,3934313840.47072720,2484734,822180.46988000,1920309768.12387790,0
2021-05-23,2295.45,2381.57,1728.74,2096.39,2914548.73125,1621814399999,5907260139.54496040,3761018,1410830.44221000,2862585215.17754130,0
2021-05-24,2096.63,2675.0,2079.94,2648.43,2186632.92245,1621900799999,5180244966.72123050,3299296,1103328.42714000,2619744995.63767940,0
2021-05-25,2647.92,2750.0,2378.54,2705.11,2115349.50445,1621987199999,5442737549.40125950,2976859,1050034.53412000,2703460213.34386700,0
2021-05-26,2705.1,2910.0,2643.0,2884.94,1583799.59251,1622073599999,4416389128.58148030,2726537,786524.11588000,2193352742.23433530,0
2021-05-27,2884.82,2889.74,2633.68,2742.23,1099029.91206,1622159999999,3033719144.34021290,1732113,540641.23243000,1493018236.97161750,0
2021-05-28,2742.23,2762.45,2327.38,2412.1,1554584.61362,1622246399999,3934662309.04442250,2184249,763125.86389000,1931909198.76905150,0
2021-05-29,2412.34,2574.27,2204.1,2278.74,1379427.18851,1622332799999,3288804154.83187110,1887733,681047.48538000,1625990815.62972840,0
2021-05-30,2278.74,2476.42,2180.53,2385.98,1151113.19883,1622419199999,2726606138.63171710,1519005,577190.77662000,1368058965.08403240,0
2021-05-31,2385.82,2720.0,2271.44,2706.15,1307958.04068,1622505599999,3277131772.13407020,1849177,661801.72603000,1660383324.59553620,0
2021-06-01,2706.15,2740.0,2523.74,2634.57,1179577.10806,1622591999999,3081355010.95345160,1790186,575201.66943000,1503196035.62328500,0
2021-06-02,2634.31,2802.99,2550.0,2706.22,970070.53563,1622678399999,2616566301.62878750,1349232,481481.72170000,1299176997.00391970,0
2021-06-03,2706.21,2891.95,2662.4,2857.25,1024290.89423,1622764799999,2874856613.49024370,1620340,500895.12021000,1405843557.46235420,0
2021-06-04,2857.25,2860.0,2552.0,2689.51,1188314.11191,1622851199999,3175186750.49087600,1775946,580744.67311000,1551953930.28723620,0
2021-06-05,2689.54,2816.87,2552.23,2627.73,961824.12413,1622937599999,2575726370.43085890,1670498,485392.70366000,1300138730.36917720,0
2021-06-06,2627.63,2745.0,2614.0,2711.92,673792.69369,1623023999999,1814112037.53351020,1336460,330313.64976000,889529103.19303190,0
2021-06-07,2711.92,2847.55,2570.0,2592.05,1152128.07856,1623110399999,3149245176.91126330,1926275,577620.94623000,1579210256.00219440,0
2021-06-08,2592.05,2620.99,2304.91,2507.23,1693747.42759,1623196799999,4201646662.88173420,2128256,825822.24736000,2049450576.80712030,0
2021-06-09,2507.43,2626.63,2405.28,2610.18,1276718.24011,1623283199999,3223323188.07037870,1763686,628336.14933000,1586470728.75922050,0
2021-06-10,2610.2,2624.46,2425.11,2471.09,741237.49926,1623369599999,1874571746.43544430,978237,363431.81896000,918906133.88569960,0
2021-06-11,2471.01,2497.99,2321.37,2354.01,587364.27358,1623455999999,1424975261.80772060,885172,283123.21039000,687294443.98245280,0
2021-06-12,2354.09,2454.53,2256.22,2370.74,767439.4984,1623542399999,1807036943.99862450,1127302,387478.69595000,912817435.78954980,0
2021-06-13,2370.64,2548.41,2308.41,2509.33,715948.75986,1623628799999,1724097564.33430690,1217504,362663.11262000,873887342.40012990,0
2021-06-14,2509.33,2609.17,2461.0,2580.77,684183.55622,1623715199999,1730260219.13381020,1118498,344642.00777000,871859785.37770810,0
2021-06-15,2580.58,2640.0,2507.7,2543.54,599826.64933,1623801599999,1548303436.06276510,1044834,296745.76720000,766423377.38332160,0
2021-06-16,2543.55,2556.19,2351.18,2367.89,624741.78358,1623887999999,1533734359.41300690,896073,284039.92262000,698017754.35405180,0
2021-06-17,2368.02,2460.5,2306.0,2373.28,560667.58566,1623974399999,1338389545.00148260,961448,270180.83506000,645226707.83642750,0
2021-06-18,2373.28,2378.0,2139.0,2234.09,778905.20197,1624060799999,1758827532.88334170,1067542,371196.26583000,838571112.17782590,0
2021-06-19,2234.09,2278.82,2161.67,2164.67,496872.24997,1624147199999,1104923869.41859910,763820,247263.46485000,550102564.55565630,0
2021-06-20,2165.34,2280.01,2040.68,2243.47,743883.64741,1624233599999,1599009750.52690320,1035537,372014.61158000,800346451.86224570,0
2021-06-21,2243.49,2260.16,1865.54,1885.49,1629819.66576,1624319999999,3252129521.67750420,2014010,790387.70091000,1576559907.57416550,0
2021-06-22,1885.27,1998.0,1700.48,1879.28,1695338.08052,1624406399999,3158928001.13114460,1856357,836934.44825000,1561415491.33612570,0
2021-06-23,1879.29,2045.0,1821.95,1968.14,918612.30494,1624492799999,1817518228.91007080,1141790,462271.19818000,914984412.73121520,0
2021-06-24,1967.95,2036.61,1884.79,1989.52,701231.67478,1624579199999,1377799766.49945500,833337,344155.41659000,676304789.18465590,0
2021-06-25,1989.53,2019.99,1791.22,1808.82,858808.54767,1624665599999,1612556879.10728130,1041338,408120.68053000,766594867.42016600,0
2021-06-26,1808.97,1852.8,1717.32,1829.64,832315.14904,1624751999999,1478550576.56464500,923226,407180.66965000,723391264.73486720,0
2021-06-27,1829.84,1984.5,1804.26,1982.28,696055.79307,1624838399999,1299521992.07179920,1091206,354611.53419000,662881681.77063400,0
2021-06-28,1982.27,2145.0,1960.52,2084.41,1044244.68308,1624924799999,2138998047.87762790,1657087,541464.02542000,1109375130.95630950,0
2021-06-29,2084.42,2245.0,2073.57,2165.33,831257.23277,1625011199999,1804733069.98298930,1536044,421410.27571000,915112793.59543550,0
2021-06-30,2165.46,2287.78,2087.99,2275.68,910583.6032,1625097599999,1973676680.87312690,1464112,455834.94051000,988252389.85378930,0
2021-07-01,2275.68,2275.93,2073.12,2106.41,787865.25137,1625183999999,1688043308.12725720,1414518,384175.37542000,822709363.86298340,0
2021-07-02,2106.41,2160.0,2018.5,2154.13,672282.37476,1625270399999,1397269246.26645640,862561,337006.28168000,700715966.08241900,0
2021-07-03,2153.95,2240.0,2112.01,2226.99,569264.801,1625356799999,1248888441.25315360,922576,295114.62138000,647377288.84975310,0
2021-07-04,2226.99,2347.75,2189.58,2322.89,314497.36094,1625443199999,718713154.55862890,634594,163399.88770000,373401365.84697780,0
